date_time,o_longitude,o_latitude,d_longitude,d_latitude,weather
1477964797,104.09464,30.70397100000001,104.87893925476216,104.26867628401064,7
1477985585,104.076509,30.767429999999997,104.13326245520997,104.70013297493355,7
1478004952,104.019699,30.689007,104.08512120475478,104.17193446534858,15
1477989840,104.03609,30.622690000000002,104.51335033009222,104.43702022676096,8
1477958005,104.115997,30.652313,104.78051943613238,104.37868981047203,2
1477997663,104.05933,30.676759999999998,104.02634435621702,104.85527711750314,19
1477958005,104.115997,30.652313,104.78399390436154,104.56397380656757,1
1477958918,104.108977,30.687676,104.5795964544863,104.79920396898802,1
1477960528,104.03763599999999,30.708862,104.03027881807698,104.17042815167811,12
1477962166,104.05498100000001,30.77018,104.18471469982104,104.71150150331931,19
1477964797,104.09464,30.70397100000001,104.29224881438421,104.98559937304826,6
1477996654,104.079033,30.65216400000001,104.77990557548232,104.06590952115,2
1477997663,104.05933,30.676759999999998,104.1589081635035,104.91029452785743,10
1477966147,104.06053,30.72847,104.38353021593656,104.72723926132927,12
1477967857,104.07764,30.658377,104.43079821286422,104.62205698103503,1
1477942946,104.027541,30.631678000000004,104.1433415527711,104.08823747430763,5
1478007721,104.08213,30.65376,104.98406400147522,104.72587720831662,0
1477961471,104.08863000000001,30.69088,104.36051073881261,104.72116700866528,14
1477963587,104.05412,30.67206,104.36832401178788,104.59810536374808,6
1477958723,104.07139000000001,30.716309999999996,104.70383882626254,104.08172533709025,9
1477959777,104.045599,30.7055,104.38591179654267,104.14457184196297,10
1477961471,104.08863000000001,30.69088,104.93616013318105,104.12156984272279,1
1477944786,104.05735,30.693890000000003,104.30349615593443,104.25757738300153,14
1478001315,104.0919,30.68429,104.88416598504541,104.47774982221583,3
1478010616,104.02553,30.6928,104.27276786158764,104.26888896921912,7
1477955865,104.07648,30.688129999999997,104.34053127218851,104.03254823515171,9
1477956823,104.10819000000001,30.68842,104.85002980301496,104.39262971495553,5
1477999540,104.03784,30.680509999999998,104.05967645897061,104.27187349357969,12
1478001315,104.0919,30.68429,104.38928743714465,104.9686949321142,8
1477960545,104.08339000000001,30.610681,104.42567478767008,104.38822423950835,17
1477960545,104.08339000000001,30.610681,104.00614336386069,104.78751314005129,16
1477962463,104.05481,30.70399,104.9643518203268,104.19449216145563,6
1477975075,104.05506,30.76088,104.61224837994546,104.90126264208929,15
1477976140,104.06481,30.727659999999997,104.73630859737099,104.87524257640521,11
1477976140,104.06481,30.727659999999997,104.02200372274864,104.22633793325623,2
1477978099,104.072299,30.655239,104.60072749655883,104.45023551596051,0
1477950565,104.06979,30.74793,104.17222525013362,104.74852303590377,18
1477951816,104.054321,30.722296999999998,104.73661725418289,104.56146298802402,10
1477950565,104.06979,30.74793,104.16831756483839,104.4366625936618,2
1478009245,103.99315,30.66354,104.99709132498725,104.75740047995171,12
1477929936,104.124115,30.671951,104.76673041642557,104.9019982404529,1
1477988065,104.14416999999999,30.6263,104.32480903576973,104.180793408948,15
1477968092,104.09265,30.55007,104.79248848897703,104.07469778660163,4
1477955680,104.08355,30.607440000000004,104.33817532357976,104.5134024089768,8
1477958234,104.04766,30.65288,104.04388561527558,104.341917513078,10
1477991223,104.04539,30.724759999999996,104.19085044145501,104.84521255923902,17
1477991990,104.02559000000001,30.69622,104.66356660538099,104.95270474568117,19
1477992790,104.04157,30.714540000000003,104.09786054252594,104.33992535883918,10
1477987515,104.065201,30.639509000000004,104.03834917130159,104.12726130607528,18
1477989982,104.047387,30.71082800000001,104.31046657886007,104.12494313374123,13
1477965075,104.05196,30.65986,104.56184754978409,104.62019642839414,6
1477958234,104.04766,30.65288,104.06393884169833,104.85300165144487,9
1478003158,104.07054000000001,30.65445,104.25548755731585,104.24398285332008,17
1477966169,104.03354,30.685959999999998,104.31706815909824,104.88606843021716,17
1478015640,104.06819,30.65464,104.86202175007963,104.56933424968435,20
1478002951,104.04531999999999,30.69363,104.8354645210934,104.03941541255551,11
1478006803,104.04545,30.62047,104.65092579261953,104.5478562813647,12
1478008283,104.09510999999999,30.664659999999998,104.93289081771537,104.54449568695007,8
1478008283,104.09510999999999,30.664659999999998,104.30986743381581,104.49828272860158,5
1477992505,104.078194,30.703229999999998,104.50863102489683,104.08918096182884,10
1477954716,104.119876,30.602412,104.58331364840457,104.75558883621092,15
1477956653,104.096225,30.688771999999997,104.91378765976388,104.45690838957334,19
1477957550,104.12122,30.65076,104.78693709647725,104.32443164550284,18
1477945676,104.06492,30.7125,104.7134102691689,104.7032252961721,19
1477946952,104.09637,30.698620000000002,104.81812733603344,104.22111297811243,14
1477960900,104.081688,30.686611,104.09653351706017,104.8071179349319,18
1477963399,104.050843,30.691321000000002,104.10211337335913,104.33766626533509,14
1477964159,104.047256,30.700233,104.71188846156578,104.99217342596803,6
1477948250,104.07295,30.67727,104.04909380323672,104.6629141262667,7
1477949251,104.09214,30.648690000000002,104.87075379656247,104.06254986369547,3
1477950000,104.07388,30.65393,104.47986722112262,104.69059386492462,13
1477986999,104.008372,30.657967,104.99346878844537,104.47690609897619,6
1477988916,104.064003,30.669915999999997,104.64725486236524,104.1544707534564,2
1477976277,104.09563,30.62473,104.67491339797886,104.42194636655174,11
1477977636,104.11908000000001,30.663935,104.83334355404862,104.85625372772832,1
1477978541,104.12026,30.64375,104.64263650856547,104.80396188249877,6
1477979115,104.13729000000001,30.671391999999997,104.18278808026928,104.15952275941866,18
1477983418,104.13985,30.68148,104.48118808176278,104.36506307416998,0
1477980078,104.100662,30.67820900000001,104.10279374601231,104.6219461615284,9
1477981602,104.14294,30.655109999999997,104.97042867226385,104.6144040338234,9
1477959219,104.1138,30.669359999999998,104.5526063058999,104.88363012404645,9
1477960900,104.081688,30.686611,104.11031194801643,104.46007614727411,6
1478004714,104.11105,30.66979000000001,104.59667576251502,104.11181303926706,19
1478006492,104.11617199999999,30.677396999999996,104.09952622255729,104.27637731031554,7
1478007999,104.03828,30.63731,104.3952383126947,104.7509383328395,14
1478001958,104.05141,30.74382,104.89793016902952,104.68444210226718,3
1478003796,104.09175,30.65703,104.4330438799941,104.21014016612446,4
1478004714,104.11105,30.66979000000001,104.91763043109904,104.5199788292775,9
1478014289,104.09640999999999,30.64038,104.89759803105088,104.33524558591218,7
1477998782,104.07587,30.7059,104.50688888582425,104.14137546920033,11
1478000073,104.04947,30.72382,104.31450367184681,104.95919087602284,10
1477963546,104.06128000000001,30.628,104.60525378447745,104.83538673188376,6
1477964658,104.07405,30.654359999999997,104.0880244895891,104.38811003777676,13
1477994220,104.01384,30.67272,104.59520217798777,104.47451316896313,20
1477996464,104.09666,30.706970000000002,104.782960251716,104.7041179189931,18
1477994551,104.07967,30.75868,104.01104255136028,104.43028193248888,18
1478000732,103.989304,30.607313,104.10708652839536,104.66607499832838,10
1478003277,104.09192,30.678279999999997,104.66031538416907,104.3287837031244,2
1477980253,104.08539,30.6854,104.24828684853732,104.36208557189617,5
1477981486,104.02726,30.688231,104.0048265018508,104.91596874879296,19
1477975569,104.07641,30.726020000000002,104.01020111121241,104.22554872823893,6
1477977493,104.09042,30.684490000000004,104.77455179532132,104.11928919747538,2
1477978827,104.137474,30.648664,104.83633424428912,104.93959057314693,3
1477989717,104.11032900000001,30.732409999999998,104.21803838870032,104.68141411848642,14
1477991071,104.11798,30.73027,104.72495727401098,104.5243648378772,12
1477992966,104.108597,30.721259999999997,104.7948675285727,104.6611018531109,4
1477973182,104.12619000000001,30.644140000000004,104.87824488417914,104.75734647973415,3
1477975569,104.07641,30.726020000000002,104.77547730042815,104.39991256714588,11
1478009190,104.07363000000001,30.68579,104.06778437094307,104.54922781316436,6
1478010852,104.045807,30.703298999999998,104.11191520217791,104.16362507188923,19
1478004186,104.05465699999999,30.713713000000002,104.6360353819227,104.53668603465954,8
1478006768,104.141076,30.681764,104.9458095215559,104.41281052306353,16
1478004186,104.05465699999999,30.713713000000002,104.70666097753295,104.70602977693777,6
1477951382,104.10061,30.69935,104.22758428919879,104.21290319352218,19
1477952667,104.04245999999999,30.69677,104.86751359581184,104.129623781551,13
1477953694,104.0245,30.6745,104.61592484467904,104.34657213623713,9
1477965442,104.092125,30.712883,104.98750169166601,104.222106491216,2
1477955356,104.06315,30.70529,104.02377019625246,104.22916684455657,5
1477948909,104.115036,30.701981,104.12967688763518,104.34629993545954,12
1477981939,104.11291999999999,30.69807,104.29502362341452,104.50249119877212,11
1477957788,104.14531,30.62882,104.72037842042465,104.2667553099282,18
1477961579,104.020255,30.817208,104.56133927146459,104.47234362742691,15
1477963790,104.078194,30.720108000000003,104.39717994778525,104.04975851916204,4
1477964337,104.08232,30.70407,104.57720515065155,104.43029458088753,15
1477965442,104.092125,30.712883,104.23592306034291,104.01642461574392,3
1477964776,104.05306999999999,30.636329999999997,104.9505304517478,104.713186749364,20
1477974990,104.06599,30.759079999999997,104.44604600129853,104.50722396337737,11
1477986004,104.05613000000001,30.67119000000001,104.64457798287329,104.92630636444805,0
1477963008,104.04954000000001,30.62963,104.28306907822065,104.00914808294647,1
1477964776,104.05306999999999,30.636329999999997,104.13961414234328,104.71441368589538,3
1477976758,104.0734,30.68658,104.30766897491789,104.85051783605685,19
1477963024,104.0929,30.6408,104.89438409502922,104.6262501832416,12
1477964207,104.08295,30.674559999999996,104.15526109691235,104.53799380677538,6
1477957937,104.05256999999999,30.6024,104.74201930073014,104.60935241773575,1
1477961099,104.05953000000001,30.66892,104.27987784232151,104.27903796070406,3
1477968257,104.113411,30.737259,104.92308193117015,104.47732648914621,6
1477971214,104.117336,30.666109999999996,104.61673043922968,104.91325997401464,12
1477972394,104.063377,30.681259000000004,104.91331702209753,104.236991180027,14
1477967006,104.12507,30.67287,104.370947860175,104.09927860804751,3
1477968257,104.113411,30.737259,104.71220649699409,104.55979791669311,0
1477972394,104.063377,30.681259000000004,104.59522314274469,104.75983542049543,4
1478010255,104.11209000000001,30.62087,104.27079275578298,104.74859549381951,8
1477999984,104.1033,30.64767,104.65148350629457,104.80833016092178,8
1478001114,104.0872,30.6772,104.76956185405982,104.03720447743632,15
1478014833,104.05041,30.687911,104.2513970892691,104.56124229296283,11
1478015614,104.07124,30.667601,104.74016676777043,104.78647913896688,12
1478003882,104.05436,30.60305,104.49221159645775,104.39880651044922,7
1478005782,104.10958000000001,30.67227,104.35544805107787,104.48304967980164,11
1478007723,104.06985999999999,30.658640000000002,104.69946585477523,104.2557137487561,18
1478003882,104.05436,30.60305,104.99719536382146,104.71684188328621,3
1478005705,104.07757,30.659340000000004,104.70188467102905,104.84477035070717,7
1477971630,104.03067,30.645590000000002,104.92736963424409,104.59247694964304,2
1477972713,104.048386,30.662193,104.75517338221816,104.46965248848717,15
1477972713,104.048386,30.662193,104.77192248603396,104.46184299553988,19
1477972363,104.040788,30.659975,104.94175629927176,104.57003320264839,16
1477974667,104.070079,30.675873,104.6134655551137,104.80678572769291,14
1477985706,104.07840999999999,30.68814,104.563091860882,104.35060616981698,8
1477999142,104.10948,30.62777,104.69720528295046,104.07076582817359,1
1477979460,104.1353,30.67977,104.24462961278952,104.87548575093004,3
1477980516,104.10687,30.67088,104.56288028447602,104.94905784887044,15
1477982796,104.074524,30.613259999999997,104.13271068456511,104.03397272375094,18
1477979460,104.1353,30.67977,104.55827787992514,104.57883496787078,9
1477951580,104.14235699999999,30.682194,104.90672831317626,104.44739361583473,15
1477967682,104.05218,30.68402,104.7471236430734,104.65681914938986,13
1477969613,104.01346,30.65186,104.7670218391705,104.4163298860927,4
1477971553,104.096703,30.662059999999997,104.40640676075274,104.90514815043613,2
1477972348,104.116325,30.677496,104.43697122215129,104.952384996506,14
1477982796,104.074524,30.613259999999997,104.90618577710349,104.12448190396375,11
1477984507,104.05912,30.69435,104.83947538940673,104.13367061974309,18
1477985579,104.073723,30.688808,104.07520646335225,104.0199798628562,0
1477985706,104.07840999999999,30.68814,104.07211000945514,104.56236217419259,20
1477972348,104.116325,30.677496,104.17658956133815,104.51945644472933,8
1477974250,104.06653,30.67044000000001,104.22500971325404,104.40064147982883,16
1478006462,104.01843000000001,30.766509999999997,104.50726378314228,104.20540451330135,18
1477964962,104.04005,30.66622000000001,104.93515068079721,104.14113155335792,17
1477957296,104.196678,30.5667,104.81302301900257,104.59033582418567,9
1477961787,104.02771,30.68683,104.36206422081986,104.7107763586884,5
1477962742,104.04971,30.703509999999998,104.9628734407696,104.972356623114,1
1477963909,104.03925,30.67833,104.23954713370996,104.05196289555855,15
1477964962,104.04005,30.66622000000001,104.89703226627145,104.84934589198578,20
1477993984,104.05985,30.650609999999997,104.66107643769212,104.02686657152533,16
1477980858,104.04972099999999,30.682260999999997,104.15444157255946,104.42594015492736,6
1477977543,103.863235,30.683939000000002,104.83745250422209,104.09906120783097,15
1477993984,104.05985,30.650609999999997,104.55012728193982,104.9381741526563,2
1477965241,104.062569,30.68153,104.20979227137165,104.55394005308631,18
1477966331,104.057721,30.695409,104.77892711400708,104.51099281332675,5
1477967814,104.04765,30.68042,104.70688212852366,104.2440269845146,3
1477968806,104.04046,30.668409999999998,104.71161108699485,104.65480477230818,1
1477997924,104.05502,30.6729,104.10757833498522,104.40694006176408,3
1477999452,104.056,30.663145,104.10720574004172,104.11079843170091,7
1477994493,104.13775600000001,30.67281,104.24642791820938,104.09244288952537,20
1477996039,104.09178,30.667240000000003,104.86436988926398,104.75553596082592,18
1477996775,104.08155,30.66023,104.20143885131709,104.77559708089069,16
1477997924,104.05502,30.6729,104.43966881602589,104.03773106963287,13
1477957943,104.08621,30.689459999999997,104.83941676674405,104.2374061189824,2
1477960652,104.14791,30.676909999999996,104.96621394942886,104.8534597193592,20
1477957031,104.04588000000001,30.689220000000002,104.08091213668907,104.69665052667676,15
1477957943,104.08621,30.689459999999997,104.33029327966344,104.83826174965624,20
1477973278,104.04188,30.71473,104.65036544985561,104.00547172493043,20
1477973521,104.05065,30.71238,104.7327372318742,104.75587291380143,1
1477974317,104.09316,30.70607,104.14235509788789,104.99643312637629,1
1477970043,104.03269,30.67142,104.01069093960989,104.58854880631667,20
1477962211,104.1399,30.6388,104.80459263726564,104.74259474590312,10
1477963914,104.10704,30.68078,104.67542354195551,104.85280690264432,3
1477965241,104.062569,30.68153,104.79401003002835,104.95603094497311,4
1477991359,104.09880799999999,30.648542,104.37491412515851,104.06545107880217,11
1477992669,104.080116,30.65813,104.01713802223281,104.75763914569232,17
1477961962,104.04233,30.70658,104.76490610885632,104.49806464705799,6
1478000800,104.00391,30.67036,104.57503012124361,104.62272922826551,17
1477997162,104.04525,30.7614,104.63430366963578,104.89518257859586,9
1477961962,104.04233,30.70658,104.44937723332153,104.84587780581725,17
1478000800,104.00391,30.67036,104.282129037193,104.01511992031122,12
1478002415,104.107801,30.667184999999996,104.43887174017303,104.96526868535268,13
1478003995,104.065617,30.666037,104.97067781785573,104.34774797442456,10
1478005091,104.050063,30.693728000000004,104.97463253239906,104.97168001047073,1
1478005091,104.050063,30.693728000000004,104.93588759912457,104.48722864288018,9
1478004502,104.00444,30.65168,104.53414446713386,104.16421297525989,11
1478006851,104.11698100000001,30.653961,104.8391673102564,104.81510986101301,9
1478007860,104.10289,30.65695,104.09068735219522,104.18418537861892,13
1478008604,104.1042,30.669340000000002,104.55737179620887,104.68690595013081,20
1477956848,104.045845,30.691184999999997,104.34175190227818,104.11724322387924,16
1477958828,104.0816,30.65855,104.52164743496766,104.97408378407113,8
1478008604,104.1042,30.669340000000002,104.26034052560652,104.36993898186589,0
1478010544,104.04156,30.687759999999997,104.11465497844029,104.15572666436589,5
1477955383,104.058876,30.686674,104.49595077885793,104.5015888741402,6
1477956848,104.045845,30.691184999999997,104.79926895101417,104.3073281080103,4
1477962933,104.11431999999999,30.69919,104.95457620222237,104.62690875360327,2
1478008222,104.08686,30.654159999999997,104.58310229714417,104.37535517526705,0
1477999775,104.05538,30.57528,104.47600318973164,104.70435775561701,7
1477999775,104.05538,30.57528,104.49192293668428,104.43082576397263,5
1478002448,104.041,30.695787,104.0208501078974,104.60439355031536,10
1478003732,104.06047099999999,30.659059999999997,104.66600376613637,104.65573662424185,15
1478004580,104.07128,30.6558,104.8892127072149,104.67931434485044,17
1478011469,104.061829,30.512579,104.65080972378205,104.9705826890171,17
1478013640,104.067143,30.655584,104.52518846392238,104.24477737091499,20
1477934650,104.08763,30.63891,104.50188726881653,104.80468407341515,3
1477972041,104.132072,30.68152000000001,104.21578650485631,104.27217251095641,14
1477975309,104.126734,30.663411,104.51735952238585,104.57427132798833,5
1477998631,104.022929,30.681191,104.17425713331072,104.1910392100832,14
1477996853,104.04541,30.742620000000002,104.16981531062082,104.88306103141186,19
1477985671,104.04211,30.62363,104.69629968601068,104.25434699845287,17
1477998657,104.00366,30.676479999999998,104.17234420272639,104.55756973305503,18
1477976142,104.063446,30.738909000000003,104.1936616804221,104.5086359527873,8
1477978180,104.05103000000001,30.659609999999997,104.9850771543079,104.38341302902154,18
1477978899,104.061386,30.666862,104.7992380676354,104.42221536880372,14
1477957029,104.04726,30.708270000000002,104.62252833812636,104.89762761967687,5
1477966225,104.036192,30.714411,104.67043396532584,104.5732240180333,6
1477980571,104.07332,30.69684,104.09886736349267,104.05160187754565,12
1477987389,104.07172,30.67272,104.48905472294616,104.70282049444519,6
1477989139,104.04511,30.651690000000002,104.33338236299343,104.10537144062087,20
1477958458,104.05626,30.66948,104.80950377741766,104.25984293327232,6
1477959498,104.08228000000001,30.65628,104.12423136442102,104.2137870850456,7
1477961335,104.0628,30.683590000000002,104.77439385108906,104.38124439404304,18
1477961335,104.0628,30.683590000000002,104.05926946251537,104.89422044132168,14
1477962704,104.11083199999999,30.67185,104.9531174646229,104.01925099263319,6
1477963927,104.06534,30.702759999999998,104.58004959166048,104.1484717099368,1
1477972144,103.99599,30.6507,104.56357624113525,104.50774092524979,18
1477974048,104.0623,30.7315,104.36068676172054,104.70584262677181,8
1477974743,104.08225999999999,30.70415,104.95877813698421,104.07690466909085,7
1477974989,104.08225999999999,30.70415,104.11845420348399,104.53111344178335,18
1477959783,104.16905,30.71547,104.16167788044024,104.08423686667936,9
1477961932,104.10601,30.69029,104.29846102463743,104.13879103709375,5
1477990872,104.184242,30.573883000000002,104.4934105349125,104.5003563974425,3
1477961932,104.10601,30.69029,104.7928220335763,104.11003069896161,5
1477962824,104.11350300000001,30.699257,104.0848452061667,104.49333472619583,3
1477989869,104.07741999999999,30.664651,104.4019664708793,104.83198075561242,5
1477990826,104.0631,30.66695,104.27401877978014,104.83363364032569,4
1477993147,104.0544,30.69487,104.62732835589088,104.28883565576065,3
1477987102,104.104599,30.63973,104.62086765913944,104.8366492055317,8
1477989564,104.08618,30.6606,104.43338821528938,104.37776359897359,13
1477989869,104.07741999999999,30.664651,104.2038984218261,104.77214244639285,10
1477994492,104.06243,30.67325,104.17415038438124,104.26670527897845,15
1477995244,104.074402,30.689528999999997,104.67063145473493,104.9279492788145,13
1477996447,104.09469,30.712809999999998,104.47047539200724,104.84251544212496,18
1477956834,104.08246,30.66497,104.70150363910493,104.27268475385942,0
1477957892,104.11098,30.66822,104.98251688736116,104.6956212860022,2
1478004955,104.09133,30.642359999999996,104.02187329472365,104.39720155636357,12
1478005830,104.10611,30.65899000000001,104.09076235013444,104.67141795067445,20
1477959746,104.12359000000001,30.643390000000004,104.57780280192027,104.28186572548131,11
1477959795,104.12456,30.644759999999998,104.72540972481985,104.5930665995504,1
1477961529,104.10053,30.67804000000001,104.17317855791397,104.84012691205483,5
1477979871,104.08861,30.688940000000002,104.162826887548,104.8689006249425,20
1477979871,104.08861,30.688940000000002,104.34167496279882,104.51222311074292,17
1477972875,104.078636,30.653516999999997,104.49479157938826,104.48621872036263,18
1477974477,104.1113,30.675359999999998,104.97450289802688,104.64091091260367,13
1477976045,104.07054000000001,30.65445,104.71765388764979,104.36698305613015,18
1477976045,104.07054000000001,30.65445,104.26360782329054,104.55844170636108,7
1478011696,104.08726999999999,30.6773,104.24804412157866,104.78557431854907,13
1478006752,104.04239,30.6999,104.79949661497363,104.92366040255861,1
1478008545,104.12583000000001,30.6711,104.18202301793266,104.08600149535334,17
1478008545,104.12583000000001,30.6711,104.8731839822295,104.45756887816063,14
1478009997,104.10985,30.6716,104.26333917099252,104.49920378712017,4
1478010561,104.083694,30.672279,104.77287145527346,104.9699235156144,8
1478011039,104.06166999999999,30.68152000000001,104.28097333302864,104.57880650263586,10
1478011696,104.08726999999999,30.6773,104.70296458629556,104.88665627535045,12
1477940303,104.085175,30.649161,104.28524782153795,104.90218752539275,20
1477957026,103.94415,30.76545,104.97708797139158,104.52239063620837,9
1477960341,104.11490500000001,30.642046,104.32772538436014,104.26675194411986,0
1477961714,104.066315,30.657381,104.25061193023348,104.05155821160164,0
1477967617,104.07851,30.52615,104.91455156647451,104.93724461059331,13
1477969874,104.061638,30.64765,104.01429700670026,104.4476335383834,12
1477972785,104.046539,30.720505,104.70975831501553,104.8585625757717,2
1477961714,104.066315,30.657381,104.64475796637987,104.95722839881128,13
1477972785,104.046539,30.720505,104.89425931900507,104.8097295641225,16
1477981124,103.979478,30.656783,104.40291536625935,104.2748252987047,11
1477983492,104.066963,30.654249,104.45266726613544,104.99277493242136,20
1477985321,104.066536,30.654732,104.43540462408947,104.00485945218769,11
1477987515,104.05794,30.67278,104.65227086233223,104.8748628009919,14
1477983222,104.109398,30.65881,104.77702138773708,104.99806186022869,20
1477984143,104.09037,30.678729999999998,104.03514680114789,104.65913917584037,19
1477985786,104.076,30.7024,104.01534936691185,104.99148114737919,16
1477979820,104.0268,30.75575,104.32162157503875,104.26978002706008,13
1477980972,104.04534,30.70172,104.21591191717131,104.19831801511643,14
1477983222,104.109398,30.65881,104.43002478364481,104.21039984304274,8
1477983604,104.09017,30.67083,104.59390871631574,104.57115842472356,16
1477960105,104.12850999999999,30.61872,104.24411477963258,104.26479161059812,7
1477982510,104.06812,30.67264,104.14256235761029,104.0678232648761,5
1477987317,104.0556,30.67369,104.63224567791342,104.43293747259192,16
1477988616,104.073929,30.665869,104.62350725335102,104.5300160378321,1
1477981743,104.12864,30.61572,104.28136741346606,104.02412384743826,14
1477983366,104.097008,30.662189,104.0404934803744,104.67608129749306,4
1477983366,104.097008,30.662189,104.09507974212725,104.82064131358334,17
1477985407,104.08492,30.69447000000001,104.59045729694242,104.92276386047295,11
1477987110,104.05629,30.66495,104.48859810819505,104.19346496779707,15
1478004297,104.06889,30.66106,104.68612319965332,104.43608937091471,11
1477985586,104.1087,30.639159999999997,104.78803643847847,104.66058892798675,10
1477987110,104.05629,30.66495,104.32161276942155,104.68758416588017,20
1477970025,103.97008000000001,30.67369,104.60615999030945,104.78905169208288,12
1477989453,104.14576,30.64942000000001,104.0823159386282,104.08476966712841,9
1477990747,104.09974,30.65787000000001,104.41485642959773,104.26391198040588,13
1478004968,104.044659,30.58935300000001,104.04928593564401,104.2005612200046,9
1478008367,104.07285,30.694709999999997,104.29312434098479,104.82366567121113,6
1478008367,104.07285,30.694709999999997,104.38774529771472,104.80494782969225,14
1478009365,104.08551,30.654790000000002,104.08045336478786,104.27209655347593,16
1478009795,104.0849,30.6539,104.57124581730152,104.98228217793339,19
1477990747,104.09974,30.65787000000001,104.2776225801287,104.1317555204698,17
1477992858,104.043409,30.67892,104.63436386439876,104.74760817496453,9
1477998868,104.10337,30.68089,104.63889363518321,104.77775860742436,5
1477996516,104.16377,30.68859,104.35962240492788,104.49527695745273,7
1477965893,104.05345,30.75895,104.27909998140609,104.79725440868783,11
1477982152,104.140399,30.6287,104.30615721318775,104.58122774637351,16
1477977826,104.04965,30.64462,104.60317118914917,104.87476043053971,5
1477979100,104.05381,30.66838,104.5220653909345,104.55034438877829,0
1478001050,104.031097,30.69521,104.12175135986145,104.7582825542949,10
1477982152,104.140399,30.6287,104.0911433848943,104.26328820162813,17
1477983865,104.07972,30.6628,104.7157426595049,104.92749476217637,6
1477985845,104.019025,30.702363000000002,104.85184988410313,104.24590112517029,10
1477965228,104.15418000000001,30.645190000000003,104.35754242027362,104.41895639117041,9
1477966614,104.09973000000001,30.66562,104.03419869369743,104.59245579522337,9
1477967926,104.13854,30.62861,104.86100955748911,104.2730008415772,16
1477969180,104.12311,30.65537,104.46002347635013,104.43798455831067,6
1477985845,104.019025,30.702363000000002,104.47310125213914,104.7622313622921,19
1477996594,104.09714100000001,30.703344,104.3641807342416,104.78730911917488,10
1477997426,104.06101,30.721320000000002,104.70910228196762,104.44044651344477,17
1477969180,104.12311,30.65537,104.59793807334856,104.70612736584538,5
1477970266,104.08977,30.68683,104.18847006092791,104.14753415581244,5
1477971298,104.0702,30.68282,104.555706155761,104.85928723363975,12
1477972295,104.062218,30.667059000000002,104.267392987549,104.4173793651955,20
1477997426,104.06101,30.721320000000002,104.56877701108998,104.46418191110315,2
1477998433,104.103353,30.712953999999996,104.29424144639918,104.89534420166852,20
1477999705,104.0767,30.71623,104.61517046587203,104.42298092322152,19
1478001050,104.031097,30.69521,104.45753331180661,104.61663418866969,16
1477970953,104.160676,30.702196999999998,104.10603381986607,104.48289772907735,11
1477972503,104.09445,30.67591,104.4081079290877,104.16858311318096,2
1477972503,104.09445,30.67591,104.57006222030473,104.89078907109516,16
1477976789,104.09799,30.75872,104.95421359504633,104.05741499558172,13
1477979116,104.082882,30.682253999999997,104.65199038955832,104.2008163210894,20
1477970584,104.07212,30.66631,104.6114860515941,104.22171718220085,7
1477971327,104.05603,30.663031,104.65044265844229,104.94869681164396,2
1478006562,104.07403000000001,30.6863,104.38977265623501,104.63113231195717,19
1478012637,104.009407,30.672309999999996,104.33797283763553,104.75680487482171,4
1478013701,104.06564,30.67355,104.12216210856779,104.28471026253992,11
1478015104,104.05375,30.69224,104.48580645752077,104.75130127555455,14
1478015909,104.04921,30.71821,104.17960676294042,104.20395006813249,10
1477990499,104.0768,30.6197,104.96762652751525,104.02269555442305,9
1477991976,104.07003,30.6674,104.82659482174837,104.67971867365647,20
1477967199,104.03833,30.712559000000002,104.53109039686457,104.49439144380389,14
1477968183,104.0415,30.68522,104.2275247149178,104.30295399836696,17
1477958450,104.08227,30.641779999999997,104.47778071560946,104.2366421680381,20
1477960921,104.081947,30.686562,104.87204446765492,104.9374104392002,16
1477955343,104.11381999999999,30.59198,104.27093383672783,104.61707956923927,12
1477957465,104.08655,30.67132,104.55065758266919,104.60628734558043,8
1477947958,104.045677,30.62048900000001,104.19121304835645,104.01130182002922,5
1477949128,104.046356,30.693678000000002,104.77693037292434,104.02271326381779,17
1477944840,104.04863,30.65349,104.41340677623688,104.16085125735611,7
1477962090,104.07781,30.669959999999996,104.01931087797821,104.9940071142855,20
1477991082,104.07370999999999,30.643590000000003,104.54787034632876,104.19127076754413,11
1477994818,104.07345,30.688109999999998,104.12468496391567,104.61219847301265,5
1477981335,104.185349,30.651518,104.58768600867592,104.41878601876058,16
1477936837,104.05705999999999,30.69127000000001,104.95336430439089,104.51409453017426,13
1477938135,104.04529000000001,30.71332,104.69285612455909,104.42896150267747,17
1477939515,104.09123199999999,30.66188,104.99895127091996,104.68991623777937,19
1477950427,104.152575,30.632108000000002,104.64781989237156,104.25363094402937,13
1477935904,104.02282,30.6265,104.84197997760138,104.65858749744854,8
1477950427,104.152575,30.632108000000002,104.57103496494149,104.72077322623113,11
1477981574,104.0434,30.683429999999998,104.15608807304675,104.41733418109862,15
1477982817,104.016,30.6975,104.15038672572696,104.6650665158391,9
1478012783,104.088562,30.692861999999998,104.69932290840867,104.49530359494086,4
1478013800,104.059135,30.645763,104.81032160785192,104.98430418447757,10
1478007640,104.031898,30.718329999999998,104.1609101194323,104.62635911888498,0
1478009328,104.07855,30.65803,104.88507421120453,104.68959179202287,11
1478011379,104.10233000000001,30.637290000000004,104.30001566226525,104.15808572329756,0
1478007640,104.031898,30.718329999999998,104.65517925393812,104.06764891262515,10
1478000977,103.9743,30.75125,104.17253054833989,104.36633197201705,14
1478002800,104.04905,30.6836,104.04591878568057,104.7552386851003,7
1478002911,104.04883000000001,30.683690000000002,104.16594523122893,104.69463583874064,13
1478003394,104.04313,30.70375,104.51457522709967,104.55639402688661,4
1477931778,104.106309,30.681351,104.41316147549789,104.06584191107564,0
1477962103,104.01863,30.6976,104.4085316322584,104.5316462909531,2
1477962155,104.05976,30.720779999999998,104.25099805506557,104.90527966976192,17
1477978144,104.137054,30.671238,104.09531302483649,104.94420978854974,18
1477981136,104.06204,30.72308,104.10466643926188,104.59135660395711,6
1477960034,104.06062,30.76091,104.34062985878938,104.47623181675944,17
1478009074,104.09151,30.702690000000004,104.61617544030189,104.263869790394,8
1477955986,104.159454,30.742849,104.32074222012182,104.25677284466614,8
1477978144,104.137054,30.671238,104.73819218240742,104.71537735428241,15
1477970349,104.08672,30.63693,104.7388079847068,104.17175020346049,11
1477971297,104.086639,30.661286999999998,104.74937574361512,104.36280882720595,18
1478006487,104.005661,30.65206,104.53382169909916,104.9794134361342,3
1477962187,104.04437,30.68579,104.76087777653731,104.7213060376993,2
1477932208,104.09029,30.649259999999998,104.87886498782044,104.97010341568487,13
1477996255,104.183876,30.65575,104.09972372506357,104.10797425017093,9
1478002788,104.063927,30.765896,104.59529941708946,104.7156962428505,18
1478004593,104.070015,30.711981,104.9829535136248,104.73968853171573,8
1477932208,104.09029,30.649259999999998,104.6409299786255,104.4179674040275,9
1477989997,104.04845,30.6166,104.77494995551537,104.48323191385164,5
1477991831,104.1072,30.657359999999997,104.80789228462778,104.5933089142088,17
1478008522,104.029663,30.749959999999998,104.23798433613516,104.4729068851248,9
1478010803,104.026855,30.672646000000004,104.96661633369723,104.03680774162655,3
1478011361,104.051208,30.658377,104.36293557542568,104.19390238361581,3
1477996255,104.183876,30.65575,104.98822084405478,104.28715656026361,9
1478000695,104.06681800000001,30.695521999999997,104.88470222693596,104.72616799006505,8
1478004593,104.070015,30.711981,104.15905892007402,104.24938298793762,11
1478012801,104.08256999999999,30.63929000000001,104.26801793327773,104.45688300954966,9
1478013576,104.09929,30.667859999999997,104.99097132826529,104.73254263135806,20
1478013968,104.09983000000001,30.66933,104.12565277630414,104.02560626366034,18
1478006942,104.06004,30.57413,104.83860662538869,104.5601750384287,17
1478008613,104.08272,30.66579,104.00702260264507,104.09347274814306,9
1477985110,104.094444,30.711069000000002,104.10125624556248,104.26520102545253,15
1477970364,104.04929,30.644340000000003,104.07683748605494,104.2734761358578,19
1478008613,104.08272,30.66579,104.01648478459784,104.80112836868476,0
1478009426,104.073909,30.694845,104.99365899214155,104.92224863417833,14
1478000245,104.079252,30.653508000000002,104.46983178771302,104.4661574641411,4
1477955285,104.09957,30.714140000000004,104.288511313821,104.387747424552,3
1477956318,104.0774,30.66822,104.42959670345921,104.8668079489205,8
1477977651,104.0172,30.68389,104.98197579685741,104.6284137034173,5
1477979447,104.06569,30.66509000000001,104.4679900817877,104.83851598478014,11
1477982800,104.173897,30.700259999999997,104.83244031532037,104.22143249038888,0
1477984647,104.05266999999999,30.68489000000001,104.98760027953756,104.3591955563432,17
1477986134,104.0498,30.70457,104.53823901520762,104.45098246869632,14
1477987120,104.069763,30.710154,104.2932848679139,104.32658362259883,20
1477973578,104.042938,30.695021,104.39502786417314,104.44121320445676,1
1477979447,104.06569,30.66509000000001,104.53497011413357,104.71289864766159,4
1477982800,104.173897,30.700259999999997,104.44856282309655,104.30476119111178,6
1478003919,104.000061,30.601801000000002,104.74282309272344,104.26044558493734,16
1478008420,104.1672,30.79638,104.4900762878796,104.89474081328055,17
1478010809,104.07724,30.658781,104.46106962841749,104.4387655502814,16
1477987120,104.069763,30.710154,104.24666806002776,104.73498987081071,14
1478001702,104.04095,30.68399,104.386147078046,104.38354650419843,2
1478002360,104.043346,30.668543,104.38570094714832,104.71323218778358,7
1478014065,104.080101,30.620663,104.9834479686845,104.03300773913375,0
1478015260,104.092,30.68442000000001,104.68169823763806,104.35425162204271,17
1477958081,104.134575,30.662997999999998,104.02127166322025,104.96850500985816,15
1477956592,104.11791,30.625790000000002,104.34458902553236,104.88962559108984,14
1477958081,104.134575,30.662997999999998,104.66971899587142,104.44346907868011,11
1477990095,104.11654200000001,30.622828000000002,104.00360318559976,104.34500226457202,9
1477991731,104.10736999999999,30.67063,104.0510221951782,104.22358055503065,12
1477989772,104.09345,30.68848400000001,104.22354576703258,104.37203206324634,7
1477995021,104.01460300000001,30.68807,104.96492170776241,104.80796560288974,3
1477996644,104.0535,30.67757000000001,104.89728542132285,104.92088411388156,13
1477998374,104.09184,30.70722,104.38874183334956,104.64734254834876,20
1477992801,104.18003,30.6894,104.58901136147526,104.36316725685582,5
1477974235,104.05414,30.60037,104.92917928774668,104.13750920136293,6
1477979159,104.054873,30.639484999999997,104.09023603743861,104.6702952034444,12
1477982009,104.094729,30.688789,104.22520723565091,104.24717093447512,8
1478004077,104.07589399999999,30.653689,104.09373777448185,104.16449095251615,14
1478005063,104.09579000000001,30.68011,104.88976567840972,104.65959420263664,9
1477976537,104.1129,30.703079,104.44843878007755,104.06831290757758,4
1477977758,104.097723,30.692415000000004,104.90829869265373,104.73949528975542,17
1477979159,104.054873,30.639484999999997,104.49083950039179,104.84123605787188,7
1477965730,104.064301,30.723570000000002,104.59188186233709,104.10472197654198,8
1477967154,104.04378100000001,30.710756,104.46350565083867,104.27862282276358,19
1477988253,104.11283,30.66425,104.28087521421965,104.01683882060809,10
1477964625,104.070595,30.75205200000001,104.17402662222324,104.61579176568878,14
1477969656,104.04887,30.65345,104.26752048384232,104.69351035040773,7
1478005063,104.09579000000001,30.68011,104.2585710998307,104.14442567281317,4
1477962473,104.16558,30.682470000000002,104.40424897351018,104.81634245473822,6
1478003341,104.173305,30.695172999999997,104.9571791421352,104.44586726469838,19
1478005756,104.073204,30.655025,104.44991778281269,104.28556909398915,1
1478003341,104.173305,30.695172999999997,104.90015344898407,104.12297396592098,15
1477967899,104.14685,30.6887,104.27959328371314,104.04460114176945,1
1477969198,104.10959,30.689459999999997,104.34173751795707,104.03422399885761,8
1477970016,104.10746999999999,30.68085,104.20956437581165,104.30211891110254,14
1477977517,104.17259,30.69114,104.37063594056127,104.75822256219607,1
1477978790,104.09897,30.7156,104.47755516494512,104.6918874743548,0
1477976014,104.05502,30.657140000000002,104.5416690776994,104.61006191590263,15
1477991283,103.94696,30.647470000000002,104.12993191455,104.62408209995688,6
1477993669,104.045288,30.693102000000003,104.26779743464391,104.98767027806183,2
1478006776,104.05054,30.631729999999997,104.02372448004363,104.62454309007035,16
1477980851,103.99435600000001,30.661469,104.66815999773428,104.32559833379969,13
1477983124,104.05954,30.67506,104.23159002744663,104.7035032077128,11
1477976014,104.05502,30.657140000000002,104.20405650226813,104.3174367678682,8
1477977655,104.052086,30.70619000000001,104.09119614426089,104.80937336272044,12
1477991138,104.05258,30.65567,104.1746922772039,104.14392833561399,15
1477988160,104.0671,30.551270000000002,104.60323985216492,104.5013830309607,15
1478009100,103.996651,30.649107,104.31091181608987,104.91949885847298,17
1478010576,104.04652,30.69397,104.46568939733362,104.10701348523506,0
1478011419,104.09333000000001,30.68129,104.30523550527978,104.73769230272349,7
1478012167,104.10726899999999,30.70097,104.15475672760662,104.92378895100889,5
1477958774,104.05274,30.711349,104.75572362913962,104.4778526405891,2
1477961301,104.0536,30.677540000000004,104.47056647999563,104.66621506884907,13
1478003267,104.04489699999999,30.701509,104.27187156705213,104.47520468761562,7
1478004099,104.040091,30.719796999999996,104.70624939203492,104.91771008309081,4
1478012167,104.10726899999999,30.70097,104.1401367964963,104.63224945834727,12
1478013697,104.06241,30.76091,104.89345407707539,104.50485402924643,8
1477994595,104.034599,30.719015000000002,104.87022239376022,104.50620259465865,12
1477997109,104.072502,30.657061,104.3163630453022,104.85025123873511,5
1477964585,103.85065999999999,30.68827000000001,104.27635640103716,104.57243293856968,20
1477968296,104.04946899999999,30.72702,104.09839517646702,104.9572272804723,15
1477991007,104.0724,30.61413,104.02414140115293,104.78085834676645,4
1477992578,104.07652,30.67244,104.89885240462904,104.67231494818196,6
1477968296,104.04946899999999,30.72702,104.7775706160857,104.76325524861564,3
1477982799,104.07405,30.654359999999997,104.20442591884238,104.67618139422609,8
1477984301,104.09472,30.679240000000004,104.73809181839385,104.52122119022961,19
1477980472,104.10311999999999,30.597279999999998,104.18822349434438,104.69231732250228,11
1477982799,104.07405,30.654359999999997,104.80026988505173,104.19461265906435,2
1477943263,104.04558,30.700509999999998,104.21946468590818,104.10523010702329,6
1477990242,104.08142600000001,30.652088,104.13735558676598,104.75716209049301,1
1478008066,104.08238,30.6564,104.7510792414639,104.84426830826608,10
1477991226,104.09835,30.658409999999996,104.13385406293982,104.07405549166337,20
1477992622,104.0761,30.68569,104.29079524413996,104.97587618406175,15
1477993895,104.05162,30.66488,104.18614709639118,104.37264630257032,12
1478009034,104.04983,30.691290000000002,104.87738546623218,104.07067992231048,7
1478010077,104.06835,30.58622,104.91205346950947,104.55987370724948,4
1478011627,104.08384000000001,30.658609999999996,104.90852456548502,104.25680085144732,7
1478012266,104.045502,30.669479,104.52991202024998,104.64685110728806,14
1477934274,104.09303299999999,30.645346000000004,104.66513725693943,104.14344929838089,14
1477935989,104.04451999999999,30.67421,104.84702456347208,104.4025589985955,13
1478012266,104.045502,30.669479,104.59558961968517,104.77321246837774,4
1478013252,104.08674,30.682240000000004,104.48432888625389,104.90364252477377,1
1478014114,104.09605400000001,30.688703000000004,104.42445422253208,104.31515364319154,0
1478014896,104.04462,30.69732,104.28352759745572,104.01905211631416,11
1477935989,104.04451999999999,30.67421,104.7561198719973,104.70387549179678,14
1477937940,104.083694,30.647095,104.96778085046797,104.32076145523806,17
1477932367,104.0022,30.6624,104.24197796736036,104.54704661249735,3
1477976695,104.069733,30.690306,104.2279266518891,104.00179397697892,4
1477973239,103.95172099999999,30.782760999999997,104.55940888846882,104.39298879283943,3
1477963767,103.94749499999999,30.593782,104.03796618381058,104.7378020820766,18
1477967161,104.07411,30.690279999999998,104.03952207712379,104.07916411221169,12
1477968610,104.039803,30.7124,104.30672146056327,104.65325407947778,12
1477993214,104.06971999999999,30.600379999999998,104.43284325775647,104.37348625346775,18
1477995435,104.11567,30.69923,104.11499932391034,104.97140667867534,16
1477996661,104.08225999999999,30.70415,104.35767502216616,104.12517058175284,1
1477998642,104.04751,30.70751,104.19201820922572,104.60318126210984,12
1477932389,104.079788,30.523660999999997,104.96931468201817,104.04281918869658,1
1477934949,104.1117,30.646590000000003,104.61439284251665,104.10989726126768,15
1478012498,104.05644000000001,30.75512,104.89937672896491,104.92370684659689,7
1478014436,104.177391,30.655962,104.92949833742551,104.95237494087596,13
1477941313,104.03386,30.679879999999997,104.43550106806205,104.92259136679417,18
1478009836,104.02971600000001,30.635403000000004,104.66111020353141,104.86592887769444,6
1478005017,104.07661,30.630229999999997,104.72225454635108,104.25639649013695,6
1478005767,104.07382,30.666090000000004,104.56734748878449,104.16182438631506,17
1478007537,104.047737,30.677778000000004,104.93464636559528,104.37817930395684,1
1477971665,104.096075,30.621585999999997,104.43195568934588,104.27564775059581,18
1477956856,104.1013,30.63722000000001,104.07775224286105,104.08774395764138,4
1477963387,104.05487,30.60329,104.35232734329921,104.06443659241803,3
1477991973,104.01396,30.692859999999996,104.93542471058672,104.55068677365647,1
1477971665,104.096075,30.621585999999997,104.25584394403006,104.06432978915876,3
1477994531,104.090597,30.722501,104.53501931734691,104.09521021441083,3
1477995543,104.118228,30.722402000000002,104.31722160330088,104.34280674995318,19
1478007865,104.105783,30.674552000000002,104.80781429202308,104.05614782686695,0
1478000844,104.06667,30.652590000000004,104.60250610137115,104.23510775905812,17
1477972565,104.05859,30.568859999999997,104.5457250629301,104.22594033697557,3
1477974520,104.071938,30.653639000000002,104.54186650588292,104.0221548678079,15
1477982859,104.100658,30.602976,104.49660344758684,104.87655833503676,1
1477985538,104.11681,30.65026,104.43028611359188,104.27933716070395,16
1477991118,104.104362,30.711834000000003,104.7483542072365,104.60346828511143,6
1477993050,104.04119,30.75258,104.02699659613621,104.3856614501287,0
1477989308,104.07849,30.688140999999998,104.61385483153035,104.14233983799926,1
1477994908,104.04581999999999,30.71474000000001,104.3544655832866,104.15085550643214,4
1477943543,104.08691,30.63733,104.25326429409768,104.1626873762983,2
1477998627,104.05261999999999,30.775166,104.69870400408006,104.52339794739727,15
1478000504,104.08976,30.683000000000003,104.10836537752309,104.71113599042725,17
1477943543,104.08691,30.63733,104.37909270471324,104.14899096932353,6
1478001755,104.07341,30.682171000000004,104.91560318369642,104.63099345157104,19
1478004453,104.066833,30.757584,104.60197925693687,104.58693527858743,5
1477961819,104.07178,30.62288,104.52980764371019,104.56984616977915,17
1477964402,104.104218,30.64588,104.41353439483728,104.5103289267218,7
1477966322,103.986198,30.678359999999998,104.97461008382194,104.1195227968487,10
1477972096,104.04279,30.68602000000001,104.16776940222915,104.3868975332957,19
1477992590,104.118216,30.761466,104.27795750629484,104.20455120126019,18
1477930443,104.12098,30.65079,104.15822437895662,104.49090025608068,3
1478007798,104.11213000000001,30.665259999999996,104.69092531051965,104.43110554782504,1
1478009255,104.044861,30.701546,104.05550675460633,104.83289526256002,10
1478006746,104.12128,30.628040000000002,104.06993707703772,104.94310743118946,1
1478007798,104.11213000000001,30.665259999999996,104.25762858171792,104.11968021047547,5
1478001569,104.069099,30.666490999999997,104.57429030552854,104.63621978049109,8
1477998914,103.9813,30.644448999999998,104.45817149300498,104.68430107829327,20
1478001569,104.069099,30.666490999999997,104.30098339280718,104.99991335266239,8
1477931765,104.037132,30.71839000000001,104.10919610175971,104.31139824249966,20
1477996902,104.028938,30.73033400000001,104.17199656384479,104.70864749479182,17
1477971884,104.10854300000001,30.591694,104.45447733045648,104.63089702150015,16
1477974451,104.073593,30.695864,104.6931540035363,104.71815297464195,3
1477961399,104.104187,30.655860999999998,104.64477598038027,104.04929879285562,7
1477962606,104.08842,30.6651,104.853719457812,104.79226495826974,17
1477963434,104.09222,30.656809999999997,104.62819392876035,104.17259246787111,1
1477964090,104.09121,30.642359999999996,104.02666524058954,104.3761587223369,4
1477988649,104.09912,30.634285,104.37193929397624,104.18925107720071,1
1477959960,104.11286,30.69922,104.71339268089463,104.72851463403929,18
1477961399,104.104187,30.655860999999998,104.0174307522478,104.27383201928004,6
1477981815,104.10332,30.62671,104.02995828510687,104.75271547087634,5
1477983573,104.07337,30.6633,104.45048552360673,104.96700482333526,17
1477964090,104.09121,30.642359999999996,104.67550302334948,104.75263027051024,9
1477967889,104.03334,30.70331,104.53681891528267,104.93260570796024,10
1477983573,104.07337,30.6633,104.95151856877656,104.24878188437872,0
1477984399,104.07936,30.669159999999998,104.88550890776057,104.44723782862495,2
1477985809,104.093903,30.702999,104.37300339945881,104.21682801603136,15
1478007370,104.0331,30.63383,104.12829505537292,104.30973556031057,6
1478010307,104.0491,30.62955,104.84117748876051,104.4084220705169,11
1478011468,104.057188,30.679479999999998,104.77416248508828,104.8974032617612,20
1477991430,104.103279,30.713608,104.52422310651626,104.51336855429234,19
1477992067,104.112701,30.716378999999996,104.2672228364851,104.33607816899786,1
1477993580,104.07171,30.67274,104.716924474906,104.18894222856673,13
1477994346,104.0606,30.65755,104.40013808446685,104.34526228952525,9
1477994346,104.0606,30.65755,104.11384039792337,104.03254333313434,10
1477967951,103.85895,30.782320000000002,104.50701909553017,104.94772662357087,18
1477981575,104.04981,30.6444,104.67463196621935,104.0245493552607,4
1477983110,104.05443000000001,30.69487,104.48057707061376,104.41512416512818,3
1477977947,104.07840999999999,30.68814,104.87965138064514,104.98177561988904,12
1478011080,103.971599,30.75972,104.35122070167202,104.42880266463844,4
1478015169,104.05646,30.67342,104.02868235362232,104.27324760256883,16
1477973869,104.07122,30.65728,104.6879726085816,104.06321289347535,17
1477984998,104.07748000000001,30.674409999999998,104.79363731471867,104.05792917042297,1
1477999852,104.11516400000001,30.714994,104.65362284989602,104.20037656801043,19
1478000311,104.10416,30.7155,104.85403821223176,104.42063684925854,20
1477962341,104.06608,30.643440000000002,104.99283864998168,104.20884830998467,12
1477964049,104.13024899999999,30.66648,104.14235192721988,104.48260926003395,7
1477965430,104.110741,30.653183000000002,104.81312798498665,104.90877134266422,4
1477975123,104.08142,30.68784,104.05545619791198,104.40056055589564,9
1477967365,104.083945,30.681933,104.91043256333377,104.60918371741651,3
1477987382,104.13299,30.617079999999998,104.60729082119896,104.33875543430733,0
1477990126,104.07799,30.66555,104.07747594472076,104.92894961542778,5
1477953736,104.08112,30.67029,104.81436259187244,104.54964246956497,7
1477969212,104.083221,30.754156,104.04720563109015,104.9082188023911,3
1477997042,104.080826,30.656176000000002,104.50765616325279,104.90526803568368,19
1478005606,104.07043,30.6654,104.85648296058834,104.54539328592902,19
1478003023,104.135563,30.79397800000001,104.8323840006096,104.20961018093732,11
1477994923,104.08882,30.658379999999998,104.4200960691119,104.44786342941686,6
1477996552,104.11851300000001,30.715327000000002,104.0305886478385,104.73056220092113,14
1477997956,104.19209599999999,30.729006,104.8067191189882,104.052596605804,14
1477999433,104.106015,30.719126,104.4379430096346,104.13200710096677,2
1478001158,104.073875,30.70216,104.68758269193603,104.92989072545812,13
1477959211,104.0288,30.630190000000002,104.29494684236114,104.93719527359572,5
1477961324,104.09635,30.699379999999998,104.73278729475177,104.57738541691398,0
1477961994,104.10958000000001,30.68949000000001,104.76572973546915,104.88468228899399,15
1477961994,104.10958000000001,30.68949000000001,104.88361630671977,104.50111076923531,8
1477962706,104.0954,30.680320000000002,104.88983958696964,104.50670703109216,3
1477989587,103.953735,30.631681,104.15916672294523,104.15049812277152,20
1478001158,104.073875,30.70216,104.16903672630161,104.61326223456508,11
1478003032,104.08205,30.67823,104.48307343972407,104.65839385769081,0
1478003366,104.07432,30.67349,104.04429072743476,104.87422548778254,0
1478003877,104.070309,30.663960999999997,104.44951007642261,104.8244322088215,4
1477966799,104.16411,30.62845,104.61090327834637,104.05989571913204,16
1477968720,104.0578,30.65495,104.48863757534946,104.59891046107384,12
1477970346,104.10275,30.62508,104.39903038484341,104.83782135992311,9
1477971226,104.11891899999999,30.681971,104.39918928638731,104.2299218161458,11
1477963898,104.075897,30.688089,104.11114809244941,104.17770912247683,5
1477965292,104.052696,30.666889,104.3235744217244,104.8996293983076,15
1477972592,104.052994,30.591279999999998,104.34038433537057,104.5264134836634,14
1477984588,104.0771,30.69025,104.8838613714636,104.43338916241373,9
1477986125,104.093847,30.64248,104.85788902210788,104.64372665189396,7
1477981171,104.088531,30.532991,104.58170892687096,104.34516291303666,0
1477965292,104.052696,30.666889,104.51403736867431,104.61575165718456,2
1478002837,104.11006,30.6861,104.70462467067458,104.52158656613504,1
1478007779,103.99528000000001,30.572879999999998,104.59522772933524,104.37327971048418,19
1478009726,104.07316999999999,30.65489,104.53658564146049,104.11495274294786,9
1477997079,104.07086899999999,30.655018,104.81377563296805,104.69544834460926,7
1477994294,104.03349,30.55981,104.57296931597158,104.8249930920541,0
1477997079,104.07086899999999,30.655018,104.32926624379978,104.04450230376214,20
1477972740,104.04505999999999,30.673840000000002,104.49616494218743,104.26331975507838,17
1477971091,104.065247,30.620668,104.41398082520608,104.21077754174107,11
1477972740,104.04505999999999,30.673840000000002,104.57614087595,104.09633406995515,15
1477995537,104.026573,30.702492,104.43551057347703,104.17235526622218,12
1477991890,104.10449,30.63159000000001,104.6118027276359,104.09629382083418,18
1478000220,104.11248,30.71527,104.38047060053651,104.5477401982715,20
1477982855,104.03096,30.7273,104.82111765272856,104.92630146738465,20
1477984322,104.077606,30.714561,104.40540869920713,104.67865938281557,2
1477964290,104.02525,30.71981,104.97707498752779,104.87320183937214,9
1477977636,104.04769,30.553590000000003,104.26006549267434,104.12508725016835,3
1477980091,104.06993100000001,30.672646000000004,104.16769418401715,104.71582224202947,1
1477981082,104.07653,30.688129999999997,104.58093832792275,104.57970064933507,9
1477982855,104.03096,30.7273,104.75490164128477,104.21867044557371,12
1477970852,104.11645,30.66126,104.18994535415258,104.3170891892929,8
1477997391,104.0659,30.649720000000002,104.91970087052587,104.40466941338876,17
1477999247,104.03848,30.68123,104.49563978639534,104.04749461577659,18
1478000397,104.03537,30.70518,104.70796999015096,104.8521051844141,14
1477988280,104.014702,30.637520000000002,104.73031077944945,104.3821236744089,1
1477990172,104.07406,30.654459999999997,104.24389808828046,104.98311512513638,12
1477977737,104.05065,30.51629,104.03861463828736,104.26635091224323,16
1477982585,104.09459,30.705109999999998,104.2995431031103,104.91492662890099,4
1477995241,104.0295,30.60404,104.39708181723392,104.4138740189534,19
1477997391,104.0659,30.649720000000002,104.52293324597186,104.88501788526115,14
1478000397,104.03537,30.70518,104.18300853609283,104.1801523013271,9
1477966918,104.14668,30.79859,104.26768712203732,104.10813850895055,19
1477990172,104.07406,30.654459999999997,104.66056443615976,104.59508051722788,18
1477991259,104.059187,30.67225,104.40971163714848,104.95438685618089,18
1477931441,104.10684,30.63795,104.46336028146413,104.83244890000412,10
1478000901,104.08229,30.68262,104.05431288094789,104.74610110988958,17
1478013492,104.075005,30.644419,104.17050476044689,104.58268770688737,2
1478014399,104.08440999999999,30.66152,104.153782924979,104.49143069199357,3
1477998897,104.05662,30.644609999999997,104.33452901026551,104.25234946319077,11
1478000901,104.08229,30.68262,104.10784261829902,104.72006646659858,10
1478011256,104.00929000000001,30.661,104.6079609610774,104.59200528129577,15
1477979626,104.06134,30.661853999999998,104.77368920211178,104.93554684672579,3
1477966560,104.14905,30.6188,104.22793577479462,104.0031038301014,18
1477969180,104.0692,30.652659999999997,104.07668663022781,104.56075969535088,6
1477990123,104.071137,30.690546,104.16233890528252,104.51162668516766,19
1477969180,104.0692,30.652659999999997,104.31164162260738,104.1093283915121,5
1477970486,104.06246,30.6644,104.87373497164111,104.20119157840189,18
1477972185,104.12029,30.662670000000002,104.94150014699447,104.93272325107716,11
1477974467,104.12420999999999,30.61543,104.6750957042075,104.58690685355617,6
1477982180,103.944572,30.684015000000002,104.82636288245119,104.46119696284978,4
1477983988,104.05375,30.674775,104.90170763411669,104.34296165921384,3
1477984918,104.056923,30.671272,104.16734387183838,104.29432807073587,11
1477987450,104.14760600000001,30.662689,104.71497691723077,104.95622777452921,10
1477990123,104.071137,30.690546,104.20052732460154,104.70678356234806,9
1477976664,104.02334,30.70334,104.79678791996876,104.91405978495311,10
1477978168,104.037665,30.718688,104.26585120761492,104.88226178080605,4
1477979626,104.06134,30.661853999999998,104.6241604012643,104.3982459014677,1
1477956656,103.97036,30.613190000000003,104.5001103436441,104.21357550560666,5
1477960589,104.11419000000001,30.711190000000002,104.26918060916428,104.89818530923738,1
1477956656,103.97036,30.613190000000003,104.7282713493486,104.02826800638651,1
1477931418,104.0828,30.66163,104.0855885488894,104.17613414731152,19
1477968384,104.10028100000001,30.647619,104.10238457062377,104.78516103112402,17
1477969079,104.11729,30.66099,104.86603468970831,104.03774872227216,13
1477991800,104.076492,30.657021999999998,104.81366622459892,104.6115589547227,14
1477993154,104.06249,30.66359000000001,104.17948221820035,104.51171296452351,7
1477969079,104.11729,30.66099,104.2773753626677,104.86069873421916,5
1477971000,104.07399000000001,30.664524,104.86643697703788,104.54061992851736,7
1477971891,104.046806,30.664820000000002,104.5262371104172,104.00991548045413,16
1477997640,104.162308,30.703011,104.46010427999296,104.35580156749137,5
1477994687,104.08612,30.648659999999996,104.06944092958899,104.315273079155,13
1477983980,104.11570999999999,30.70056,104.58443609824765,104.6196741494419,3
1477985266,104.09625,30.691409999999998,104.73526197620936,104.11927296945466,14
1477995954,104.1237,30.79798,104.87964034091455,104.5682689944208,13
1477977087,103.940247,30.774139,104.17194524576604,104.18586911371436,2
1477986702,104.002209,30.667890000000003,104.95139658739242,104.47863934587886,15
1477998386,104.07111,30.71632,104.29232896944292,104.06238154365971,17
1477999037,104.043768,30.71717,104.14577560966076,104.8798704851668,17
1477977433,104.076302,30.642389,104.40530518193785,104.68307782697748,17
1477978582,104.07323000000001,30.66024,104.02144556389617,104.80444058970781,17
1477980052,104.09472,30.62091,104.84857720809771,104.9656336430664,6
1477981919,104.106018,30.66995,104.90461774851086,104.85815716316584,5
1477961972,104.07285300000001,30.666719,104.52582777466621,104.12045209628297,5
1477996841,104.15467,30.63226,104.24622283760147,104.38004749829386,19
1477958656,104.11573,30.7001,104.94471676127276,104.63508325718735,11
1477960419,104.11072,30.6574,104.92487067070672,104.4697906495668,4
1477961972,104.07285300000001,30.666719,104.86714019973058,104.60099558666278,17
1477996841,104.15467,30.63226,104.25733610914342,104.58702928891805,17
1477967001,104.0712,30.65067,104.8388339213698,104.78554809423716,0
1477987777,104.06345999999999,30.6296,104.97121827096775,104.64404194091514,4
1477989921,104.02559000000001,30.69622,104.97114646986864,104.22370080955821,20
1477990928,104.05103000000001,30.70178,104.09975318914351,104.56483812140631,19
1477980919,103.98579000000001,30.71704,104.02038084805402,104.66797703447762,11
1477984180,104.16684000000001,30.627059999999997,104.79295657863992,104.33241247494406,19
1477983762,104.06747,30.65465,104.72081673002089,104.24630157371668,11
1477978123,103.99364,30.72813,104.93595556154933,104.40636363597302,4
1477977865,104.06019599999999,30.585759999999997,104.45243763312203,104.13046721082833,14
1477985746,104.11419000000001,30.746090000000002,104.44080316932973,104.03465864336259,7
1477971946,104.04068000000001,30.66243,104.30115925868655,104.85476275504045,18
1478011712,104.10888,30.661659999999998,104.80801417761785,104.97638056666293,17
1478011712,104.10888,30.661659999999998,104.35998274029242,104.10257360725392,17
1478013700,104.060929,30.65742100000001,104.06968634525447,104.1072986134752,6
1478015025,104.0734,30.68585,104.22225851080813,104.35995587099853,2
1477992774,104.07345,30.69027,104.77564418198772,104.90214430996804,7
1477969272,104.0861,30.687890999999997,104.73819710650669,104.89918748030708,14
1477964367,104.05761,30.50825,104.0927499647496,104.89851757633888,10
1477967313,104.0571,30.6713,104.57718723943998,104.67506436325739,17
1477967672,104.04706999999999,30.67082000000001,104.04238989082127,104.71874982113249,7
1477982514,103.927299,30.606119,104.80467019285975,104.87812425117907,6
1477985237,104.05082,30.65305,104.09787823479884,104.90034010115393,12
1478001573,104.10458,30.640279999999997,104.13675254628689,104.98489314880068,14
1478003051,104.08728,30.684179999999998,104.2936291099874,104.12485759885978,9
1477962508,104.098099,30.632259,104.70219953828779,104.4988463878585,14
1477964390,104.08963,30.64433,104.27740723452482,104.47646126390329,2
1477953500,104.11426,30.68060800000001,104.620126283969,104.89853115802056,4
1477969273,104.10604000000001,30.690279999999998,104.49435788210492,104.85376892067126,7
1477969794,104.1246,30.67265,104.05042079647617,104.938234596112,0
1478009881,104.11225,30.66703,104.82873913171147,104.93541748171141,7
1477996874,104.10861700000001,30.684070000000002,104.37143885223757,104.4314610296656,9
1477996874,104.10861700000001,30.684070000000002,104.1956559196861,104.89685050177482,7
1477997391,104.10814,30.685959999999998,104.4587272578756,104.48807459971232,2
1477998943,104.07603,30.653540000000003,104.87865942839355,104.26257179146477,1
1477931667,104.0146,30.630359999999996,104.9488123077005,104.62813495711057,8
1477982018,104.05501,30.75705,104.8655545944242,104.66077466953246,6
1477983180,104.045372,30.7428,104.23751683404839,104.5144972257204,17
1477974082,104.06931,30.63366,104.70356814740903,104.2295681447857,10
1477983180,104.045372,30.7428,104.32632910755825,104.10258089675423,13
1477971775,104.06416999999999,30.584220000000002,104.97654367322787,104.60097048995688,11
1477973392,104.10382,30.68412,104.98914305994315,104.76890732560082,6
1477974714,104.06424,30.6601,104.55179428773556,104.4106659633169,8
1477959273,104.11433000000001,30.712320000000002,104.99590121134163,104.66288729074725,10
1477960281,104.07739000000001,30.720034000000002,104.10144985599474,104.02458753190193,4
1477962105,104.10239,30.66015,104.21706957535481,104.83274159208437,1
1477963068,104.07653,30.6777,104.26610923214822,104.80647787686237,17
1477964182,104.042686,30.698805,104.27137975733638,104.15213271394707,16
1477965228,104.04979,30.6839,104.78547202998625,104.99704547727396,4
1478012564,104.071381,30.672898999999997,104.358364889453,104.75366255307948,13
1478007360,104.13780200000001,30.672558000000002,104.14005445357095,104.99828559121255,1
1477979144,104.054024,30.64583,104.13411822131062,104.9534400329223,19
1477959932,104.05960999999999,30.634990000000002,104.85939489987804,104.21714019805412,14
1477965009,104.06369000000001,30.704340000000002,104.40081969289277,104.6716210230761,2
1477967134,104.05175799999999,30.68638,104.46740366915627,104.2337038424732,19
1477968709,104.0463,30.68317,104.02471128593179,104.8484719176171,20
1477971992,104.0428,30.675279999999997,104.1161142922931,104.81102548331036,11
1477956951,103.99096,30.6718,104.49505554981339,104.95377465776384,16
1477959257,104.06022,30.680559999999996,104.16945996195668,104.26861259243799,18
1477960738,104.07146,30.650470000000002,104.04822416227758,104.00407587835952,1
1477956951,103.99096,30.6718,104.40672484149324,104.41181174791986,0
1477971243,104.04144000000001,30.665809999999997,104.00896300233356,104.7082771016516,4
1477971992,104.0428,30.675279999999997,104.65355072404658,104.18837227778805,11
1477960738,104.07146,30.650470000000002,104.198088682606,104.28784490846922,10
1477965009,104.06369000000001,30.704340000000002,104.34049007266088,104.87359393775573,6
1477979647,104.05976,30.633259999999996,104.63069516948823,104.27248195888608,4
1478001180,104.055054,30.704140000000002,104.49455322078643,104.14987137315774,7
1478002129,104.06485500000001,30.670157,104.23304815888383,104.37821240133938,19
1477982637,104.045486,30.667793,104.1037007700569,104.66049679541808,0
1477984528,104.09449000000001,30.660390000000003,104.76116693882524,104.54883790201602,11
1477985714,104.07056,30.65339,104.04023189995044,104.5649447822542,8
1477999547,104.0326,30.6248,104.41116225471599,104.68936349762009,12
1478001180,104.055054,30.704140000000002,104.09431629261435,104.24332823364783,13
1477981714,103.988509,30.665621,104.4003888929218,104.80502638053211,3
1477982637,104.045486,30.667793,104.770617373739,104.48180727661074,7
1477930850,104.067596,30.568251,104.8524318845098,104.43348278106562,20
1477932562,104.051429,30.706701000000002,104.7779568262036,104.57565404767386,12
1477933390,104.10899,30.68743,104.07351671818037,104.85987216663139,19
1477941012,104.080567,30.643734000000002,104.62898102235359,104.5292377615003,20
1478008177,104.08051,30.64883,104.43560991649419,104.66210496366699,13
1477976003,104.04155300000001,30.677758,104.40437460876286,104.0419960426583,4
1477977440,104.07513,30.655640000000002,104.72135139749504,104.77093900613427,14
1477979035,104.09656,30.692326,104.39536649873311,104.56846431569993,6
1477973674,104.11522,30.61962,104.96927507830252,104.12731217199982,10
1477976003,104.04155300000001,30.677758,104.96283861413244,104.796197207374,1
1478008177,104.08051,30.64883,104.1728232259465,104.7090912837677,11
1478012723,104.00681,30.67642,104.95111011368896,104.30750627610043,14
1477956523,104.054789,30.712721000000002,104.99474808176701,104.45338900122177,20
1477993663,104.02532,30.69877,104.81398110250537,104.6499027155992,3
1477996873,104.050324,30.759517,104.87050675812338,104.90005519254264,15
1478004902,104.06152,30.642740000000003,104.26435556166868,104.57674564623129,2
1478006955,104.10614,30.68223,104.52190030591788,104.45965318128374,9
1478008047,104.05615999999999,30.66337,104.95677219447546,104.55799097154265,7
1478010641,104.07854,30.634790000000002,104.85041841523639,104.43791073437718,14
1477983503,104.080093,30.692682,104.41325907770242,104.1180875160166,14
1477979993,104.14109,30.81975,104.14513940106625,104.49246889153602,3
1477983503,104.080093,30.692682,104.27892746886361,104.8213762320403,19
1477993307,104.07731899999999,30.615183000000002,104.48471278664829,104.73947703951109,4
1477995974,104.06586,30.70277,104.95922349258939,104.20283176713964,16
1477997833,104.084435,30.681955,104.61984159395578,104.97882161191599,18
1477997833,104.084435,30.681955,104.48198245693486,104.70415771876182,15
1477998543,104.079091,30.668206,104.00700047681917,104.66582512247045,14
1477993307,104.07731899999999,30.615183000000002,104.5712118276639,104.3756784777948,19
1477969581,104.10322,30.71364,104.06557266774469,104.70947689439656,3
1477986201,104.18323000000001,30.65682,104.71736373094939,104.51615021690354,14
1477989427,104.044189,30.668739000000002,104.11570544117404,104.83152881399464,1
1477983639,104.04415,30.65465,104.99862029712068,104.66126807953695,0
1477988857,104.05807,30.77198,104.3462160364859,104.66107935241848,12
1478012255,104.007995,30.663890000000002,104.51119369622803,104.99374755675221,9
1478013723,104.06578,30.65588,104.63343462152187,104.37350428828088,19
1477999202,104.0637,30.64653,104.97621652877781,104.32393953052662,7
1478000026,104.07894499999999,30.658077000000002,104.59995630204435,104.53660836751318,9
1477962505,103.94896,30.63379,104.20268108960461,104.20826874603576,12
1477962505,103.94896,30.63379,104.20808439257245,104.5635451569796,15
1478002983,104.106018,30.66995,104.0998251157321,104.3708565829538,2
1477983820,104.06064599999999,30.674007,104.41815729037278,104.19699176640603,14
1477989756,104.070679,30.65442100000001,104.65030888981522,104.88017101023091,2
1477994226,104.064903,30.702959000000003,104.6846071826408,104.15914827357548,16
1477982044,104.080399,30.648081,104.84571702786944,104.4864860920254,16
1477982782,104.0714,30.65574,104.08952704490521,104.01031516573696,10
1477989756,104.070679,30.65442100000001,104.23221691874818,104.28036444711125,7
1477992178,104.048363,30.707657,104.80383277780814,104.89591407438584,13
1477994226,104.064903,30.702959000000003,104.36958181930194,104.65118090839722,7
1477983054,104.05534,30.71217,104.14793596776977,104.34932692427255,7
1477989050,104.13020300000001,30.713751000000002,104.20649048069292,104.43800613706111,10
1477937694,104.070573,30.710016999999997,104.35943027601874,104.5935464282205,1
1477983054,104.05534,30.71217,104.02539583292416,104.28814596656291,8
1477937310,104.10279799999999,30.7024,104.9660305763952,104.45814770215324,7
1477938334,104.07457,30.67353,104.28778691897885,104.65424364776236,3
1477981333,103.96804,30.729206,104.8366280876992,104.27122624793697,19
1477984891,104.1027,30.712329999999998,104.91446297722743,104.80508513825598,6
1477987466,104.060523,30.654320000000002,104.81106873488187,104.35240623450687,17
1478000194,103.930131,30.754873,104.15523503507644,104.66737971850671,11
1478003924,104.08704,30.64588,104.54050258652265,104.83287608549398,11
1478004752,104.088774,30.66152,104.57088114289385,104.37967987359674,13
1477978567,104.0475,30.690609999999996,104.94334340681404,104.54228787108181,4
1477981314,104.14003000000001,30.681340000000002,104.96547561003547,104.24695764468083,15
1478000540,104.05879,30.64664,104.74174716234407,104.07659410162893,16
1477981314,104.14003000000001,30.681340000000002,104.40568327950271,104.20858559760678,6
1478007939,104.10956,30.66362,104.36055911154682,104.35152559495349,1
1477973080,104.06688,30.652590000000004,104.03711422021631,104.66129253200715,19
1477985172,104.1416,30.58976,104.67684923879659,104.87650533091973,7
1477987134,104.07512,30.66246,104.58803312363666,104.52423674818797,7
1477987134,104.07512,30.66246,104.65263659427082,104.922441860061,11
1477971375,104.0258,30.62578,104.55132881197554,104.8801711983025,18
1477963513,104.071999,30.609739,104.47936468228396,104.10875594778426,4
1477965118,104.06815999999999,30.66886,104.70409866741447,104.02616635706997,2
1477965118,104.06815999999999,30.66886,104.5011895073726,104.62641429773159,15
1478009574,104.094749,30.703359999999996,104.32195436302399,104.21368569773252,9
1478011172,104.0581,30.7731,104.8721434075774,104.95032999874842,8
1478008338,104.08014,30.65056,104.44402387777089,104.18284178643765,13
1478002962,104.14044,30.68352,104.5308918867823,104.74021281497112,18
1478004871,104.111815,30.666790999999996,104.57559033912416,104.08869822056138,15
1477961602,103.97678,30.5897,104.70022326810364,104.5771054892629,17
1477963926,104.07968000000001,30.688809999999997,104.5146794677409,104.90984890989724,5
1477976736,104.072289,30.702147999999998,104.40864071205738,104.5311634302252,5
1477973550,104.072777,30.816496,104.41455815334784,104.42266663666125,12
1477955874,104.11307,30.62652000000001,104.63761510926092,104.11543430557987,3
1477956840,104.099998,30.670060999999997,104.91756585268503,104.43730828735524,19
1477976354,104.10509,30.669504999999997,104.63771616623366,104.46769094429096,18
1477977167,104.11198399999999,30.65202,104.0496141032606,104.54431241733943,14
1477977797,104.1345,30.676040000000004,104.88131650968806,104.62522843945202,15
1477978778,104.11061099999999,30.675804,104.73560622280786,104.9638236396889,11
1477960934,104.11553,30.71495,104.79298083931648,104.9688610785275,11
1477962584,104.070278,30.69512700000001,104.94878021284867,104.95862605745573,6
1477958484,104.115,30.716009999999997,104.68456835021207,104.54638249848193,16
1477959368,104.0989,30.70592000000001,104.20202121731342,104.42985879052391,13
1477959783,104.11242,30.71528,104.15295829045584,104.38029049501121,18
1477960934,104.11553,30.71495,104.14218321551347,104.57914280813168,0
1477967896,104.07218,30.7084,104.89482923987354,104.31232595166409,0
1477969890,104.04065,30.66341,104.85344998059138,104.67084162795977,19
1477972168,104.0781,30.7004,104.78018060741925,104.32683526582157,17
1477972168,104.0781,30.7004,104.64244599306453,104.78957127539189,16
1477975627,104.11577,30.650779999999997,104.43549903685718,104.69311692044633,5
1477976354,104.10509,30.669504999999997,104.6070588937448,104.67312198225846,15
1477998071,104.0431,30.67929,104.30875265239938,104.49461759301934,9
1477998736,104.021179,30.667601,104.38501916368689,104.2496759292339,3
1478000220,104.048866,30.683228000000003,104.63097034129777,104.78110322381833,19
1477966691,104.063085,30.766853,104.58166370852021,104.42959636936409,14
1477967896,104.07218,30.7084,104.39167234705806,104.58593454514671,8
1477951912,104.09496,30.61455,104.10956281396773,104.50938558708947,6
1477984211,104.052613,30.559047999999997,104.0383885251573,104.68400362633426,2
1477986578,104.05613000000001,30.66507,104.88191325978204,104.19627628556256,9
1477989448,104.072133,30.614497999999998,104.1950632457274,104.80743150068788,20
1477989448,104.072133,30.614497999999998,104.95175508777814,104.30929173891838,5
1477991985,104.101097,30.681178999999997,104.99822397851004,104.57640956171288,0
1477993632,104.11395,30.662290000000002,104.33718796297569,104.84609126400062,9
1477983960,104.08363299999999,30.687031,104.22707969740503,104.28197668624085,7
1477985199,104.10514,30.679990000000004,104.19084364259844,104.60390995126544,5
1477986986,104.0521,30.66698,104.43922910067424,104.9463875954265,13
1477986986,104.0521,30.66698,104.3789788281039,104.4345222174665,18
1477982003,104.10064,30.62892,104.13603178339866,104.8318601505348,12
1477985445,104.0465,30.69297000000001,104.20412928342981,104.94292310177968,1
1477942809,104.0669,30.6564,104.30892377231895,104.49117497730923,4
1477989216,104.08168,30.65312,104.60491496174826,104.92466689658897,1
1477990160,104.06777,30.67363,104.35980431585222,104.97866297253712,3
1477991857,104.074731,30.670374,104.64568258790207,104.48356549820205,9
1477959557,104.06879,30.76186,104.30998252200995,104.30908939553301,11
1477930979,104.12016,30.62251,104.59695574139523,104.94238454021905,8
1477938795,104.044312,30.548288,104.33453824351172,104.28290797272975,15
1477937749,104.05278,30.76332,104.91134861865012,104.02165980646264,2
1478010949,104.05761,30.69912,104.33431301656843,104.95838332672857,10
1478011895,104.04178,30.67403,104.19969566415494,104.86384748981095,1
1478011895,104.04178,30.67403,104.81417661752181,104.59326333451972,16
1478013905,104.10469,30.68435,104.99600197298521,104.75962842920553,0
1477932778,104.02972,30.6232,104.79962100204342,104.01800038243951,14
1477998320,104.05736,30.764020000000002,104.30609259652122,104.10248001481665,3
1478000867,104.05247,30.702609999999996,104.60463717890946,104.08960960355594,20
1477930281,104.10074,30.62848,104.0678445376426,104.03694848331847,8
1477931630,104.080055,30.659283000000002,104.51419507842178,104.04388666875957,7
1478000867,104.05247,30.702609999999996,104.96894063564409,104.30262224630248,19
1478002336,104.09666,30.66834,104.85619196664754,104.69688774231658,20
1477965343,104.04966,30.652829999999998,104.2235743375542,104.53899970454013,18
1477967104,104.00144499999999,30.708569,104.67348230554123,104.44429318084839,11
1477960297,104.09783900000001,30.629361,104.83929758765102,104.03299892382994,20
1477960297,104.09783900000001,30.629361,104.59273339535225,104.07104077779287,1
1477963857,104.055962,30.665663000000002,104.33140637587572,104.85967565401673,10
1477965343,104.04966,30.652829999999998,104.40411301883606,104.82453471153349,4
1478000475,104.030731,30.74382,104.01639920424438,104.5407314524984,0
1478000475,104.030731,30.74382,104.52321638371785,104.96637214438563,8
1477969322,104.06272,30.65108,104.05764450604713,104.23727148310164,11
1477971086,104.043,30.7039,104.9932435045199,104.2804573493279,4
1477972041,104.03711,30.68137,104.85405471330475,104.54169128109213,20
1477975820,104.04311,30.75262,104.89495644404661,104.70645168946314,11
1477976917,104.053741,30.706255,104.39101917277182,104.13886466703818,5
1477979118,104.0818,30.66059000000001,104.61251728778264,104.49389891833908,7
1477988264,103.91418,30.568409999999997,104.80484108229469,104.16389942765507,6
1477991809,104.07387,30.69469,104.58311305281829,104.58484410376784,16
1477994081,104.04253,30.704240000000002,104.14762195827744,104.12424946462428,16
1478007800,104.04205999999999,30.651790000000002,104.2271205067691,104.56144035909054,12
1478000594,104.02815,30.73007,104.12687120978251,104.48505852522645,8
1478002401,104.06624000000001,30.66923,104.51524558702555,104.2691837239198,6
1478007800,104.04205999999999,30.651790000000002,104.10321308728238,104.33838116363123,16
1477993381,104.114136,30.689403999999996,104.85066139757821,104.98227194571093,19
1477993858,104.10234100000001,30.701690999999997,104.16433857475536,104.76574762300999,12
1477993858,104.10234100000001,30.701690999999997,104.52851945992215,104.9506287091512,17
1477998420,104.048713,30.68279,104.9986881824784,104.10977516608794,16
1478000594,104.02815,30.73007,104.23680907826993,104.79423985164517,1
1478001924,104.12401,30.6571,104.34254428950295,104.37016404968945,17
1478002880,104.10399,30.653470000000002,104.78434036041018,104.80561129280893,19
1478004293,104.070941,30.65702700000001,104.27178411241118,104.51422694032239,3
1477998046,104.033963,30.704339,104.8870656180606,104.66954951910691,14
1477976089,104.073697,30.688684999999996,104.41194112013468,104.85121110808183,10
1477974318,104.12841,30.72208,104.94543739302557,104.71448690218398,20
1477976089,104.073697,30.688684999999996,104.83553509018101,104.41630179674473,5
1477994105,104.02507800000001,30.692474,104.05880891031491,104.81406534748743,18
1477995821,104.05135,30.68808,104.60546307843268,104.5335872414305,0
1478006578,104.1123,30.667040000000004,104.18276378887852,104.01152002124151,19
1478001789,104.01203000000001,30.69675,104.23175583856502,104.93288388713351,0
1478003631,104.11148100000001,30.669842,104.06606411671851,104.61506776815764,13
1477951696,104.093906,30.695760999999997,104.69006640925492,104.16692025564726,13
1477971608,104.10329,30.59737,104.86878071953302,104.75094763692168,0
1477973358,104.08005,30.65499,104.22595157028192,104.129588593194,3
1477973929,104.07285300000001,30.666719,104.06235266145248,104.65732713829428,1
1477975028,104.05869,30.67401,104.96056241190023,104.74850892500932,1
1477949439,104.09151,30.7027,104.31501754481819,104.17796265343712,9
1477950541,104.070702,30.657140999999996,104.67216955685558,104.04772295820786,3
1477954780,104.03997,30.58816,104.09427119261916,104.52839507745917,9
1477956272,104.07571999999999,30.67538,104.91535587492532,104.74863881898939,3
1477946565,104.11247,30.715290000000003,104.21417274419507,104.08176762437456,2
1477930535,104.0709,30.667221,104.16904745047522,104.451137404734,11
1477934933,104.09448,30.65591,104.77915520005715,104.53989236310036,8
1477965884,104.11975,30.68799000000001,104.46673347146462,104.20790534695965,20
1477960028,103.89121,30.800359999999998,104.56359748659779,104.2764045895145,12
1477951539,104.09577,30.6579,104.6959697830245,104.35827077170447,3
1477952416,104.08559,30.6501,104.63436268776316,104.47119046492087,19
