traj_num,longitude,latitude,date_time
13067,104.142,30.629513999999972,2014-08-03 06:45:53
13067,104.140898,30.630018000000025,2014-08-03 06:45:34
13067,104.140223,30.630703999999962,2014-08-03 06:45:23
13067,104.140775,30.631912999999972,2014-08-03 06:45:13
13067,104.140563,30.632759000000043,2014-08-03 06:45:03
13067,104.139422,30.63317499999998,2014-08-03 06:44:53
13067,104.138405,30.633934000000018,2014-08-03 06:44:33
13067,104.138446,30.634024000000043,2014-08-03 06:44:23
13067,104.138649,30.634512000000015,2014-08-03 06:44:02
13067,104.126863,30.63619900000002,2014-08-03 06:42:13
13067,104.139111,30.636274999999994,2014-08-03 06:43:44
13067,104.125347,30.636338999999992,2014-08-03 06:42:02
13067,104.128426,30.636348999999992,2014-08-03 06:42:23
13067,104.13832700000002,30.636644000000015,2014-08-03 06:43:34
13067,104.135354,30.636770000000006,2014-08-03 06:43:13
13067,104.123961,30.636790999999953,2014-08-03 06:41:52
13067,104.132896,30.636800999999995,2014-08-03 06:42:53
13067,104.13413200000001,30.636835000000033,2014-08-03 06:43:03
13067,104.120998,30.638190000000016,2014-08-03 06:41:32
13067,104.117312,30.639913000000014,2014-08-03 06:41:12
13067,104.114196,30.641409999999947,2014-08-03 06:40:53
13067,104.110571,30.643113000000028,2014-08-03 06:40:30
13067,104.10782700000001,30.644386999999995,2014-08-03 06:40:12
13067,104.104599,30.645872000000022,2014-08-03 06:39:51
13067,104.10173,30.647214,2014-08-03 06:39:31
13067,104.10055,30.64775300000001,2014-08-03 06:39:21
13067,104.099854,30.648071999999953,2014-08-03 06:39:11
13067,104.09978,30.648106000000006,2014-08-03 06:39:01
13067,104.099783,30.648106999999964,2014-08-03 06:38:40
13067,104.0993,30.648333999999966,2014-08-03 06:38:30
13067,104.097575,30.64914500000005,2014-08-03 06:38:20
13067,104.095818,30.649940999999984,2014-08-03 06:38:10
13067,104.094136,30.650735999999966,2014-08-03 06:38:00
13067,104.09127100000002,30.65206799999998,2014-08-03 06:37:41
13066,104.100337,30.657070999999977,2014-08-03 06:30:27
13066,104.098415,30.65837700000001,2014-08-03 06:30:07
13066,104.097072,30.65899700000003,2014-08-03 06:29:59
13066,104.094284,30.660261000000002,2014-08-03 06:29:38
13066,104.093956,30.660444999999978,2014-08-03 06:29:18
13066,104.093949,30.66045900000005,2014-08-03 06:29:08
13066,104.093833,30.660529999999966,2014-08-03 06:28:58
13066,104.092609,30.661103000000004,2014-08-03 06:28:48
13066,104.089469,30.662532999999993,2014-08-03 06:28:27
13066,104.087945,30.663264000000037,2014-08-03 06:27:57
13066,104.086142,30.664073999999978,2014-08-03 06:27:37
13066,104.08474000000001,30.664739,2014-08-03 06:27:26
13066,104.084157,30.665007999999975,2014-08-03 06:27:18
13066,104.084126,30.665024999999954,2014-08-03 06:27:08
13066,104.084126,30.665040000000044,2014-08-03 06:26:48
13066,104.083352,30.665399000000015,2014-08-03 06:26:37
13066,104.080516,30.666688999999987,2014-08-03 06:26:17
13066,104.078901,30.667426000000013,2014-08-03 06:25:57
13066,104.078908,30.667430000000017,2014-08-03 06:25:47
13066,104.078909,30.667435999999956,2014-08-03 06:25:37
13066,104.078911,30.66744800000001,2014-08-03 06:25:27
13066,104.07889100000001,30.66745099999996,2014-08-03 06:24:56
13066,104.078917,30.66745199999999,2014-08-03 06:25:06
13066,104.077685,30.668025999999987,2014-08-03 06:24:46
13066,104.076041,30.668786999999963,2014-08-03 06:24:36
13066,104.065122,30.669066000000004,2014-08-03 06:20:26
13066,104.065124,30.66907399999996,2014-08-03 06:20:16
13066,104.065139,30.669092999999958,2014-08-03 06:20:05
13066,104.065156,30.669123999999986,2014-08-03 06:19:45
13066,104.065164,30.66913500000003,2014-08-03 06:19:35
13066,104.065167,30.66913700000001,2014-08-03 06:19:05
13066,104.06555,30.669144000000024,2014-08-03 06:20:46
13066,104.065165,30.66915099999997,2014-08-03 06:19:25
13066,104.065165,30.669169000000043,2014-08-03 06:18:54
13066,104.06517,30.66920900000001,2014-08-03 06:18:46
13066,104.073705,30.66977799999997,2014-08-03 06:23:57
13066,104.073709,30.669784000000018,2014-08-03 06:24:07
13066,104.0738,30.669785999999995,2014-08-03 06:24:17
13066,104.073696,30.66979699999999,2014-08-03 06:23:37
13066,104.073699,30.66981600000002,2014-08-03 06:23:26
13066,104.073693,30.66984199999996,2014-08-03 06:23:06
13066,104.07368900000002,30.66985200000002,2014-08-03 06:22:56
13066,104.073261,30.670065000000005,2014-08-03 06:22:46
13066,104.066236,30.67008099999999,2014-08-03 06:20:56
13066,104.06636600000002,30.67029699999999,2014-08-03 06:21:37
13066,104.066406,30.67031099999999,2014-08-03 06:21:45
13066,104.066303,30.670317000000015,2014-08-03 06:21:16
13066,104.062631,30.670449999999953,2014-08-03 06:18:25
13066,104.07161,30.67079499999997,2014-08-03 06:22:36
13066,104.066776,30.670861000000027,2014-08-03 06:21:55
13066,104.061271,30.671104000000028,2014-08-03 06:18:15
13066,104.060182,30.671627000000008,2014-08-03 06:18:05
13066,104.059854,30.671788999999976,2014-08-03 06:17:55
13066,104.059853,30.671812000000028,2014-08-03 06:17:44
13066,104.059857,30.671816000000007,2014-08-03 06:17:24
13066,104.059861,30.671818000000034,2014-08-03 06:17:06
13066,104.059648,30.67191700000001,2014-08-03 06:16:56
13066,104.068284,30.672190999999973,2014-08-03 06:22:15
13066,104.058213,30.672522000000043,2014-08-03 06:16:46
13066,104.057546,30.672829000000004,2014-08-03 06:16:35
13066,104.057482,30.672864,2014-08-03 06:16:15
13066,104.057481,30.67287800000001,2014-08-03 06:16:05
13066,104.05748,30.672897,2014-08-03 06:15:55
13066,104.057476,30.672928000000038,2014-08-03 06:15:45
13066,104.056221,30.67355499999997,2014-08-03 06:15:24
13066,104.053834,30.674752999999992,2014-08-03 06:15:04
13066,104.053565,30.67487500000002,2014-08-03 06:14:34
13066,104.053568,30.67490900000001,2014-08-03 06:14:44
13066,104.053569,30.674926000000024,2014-08-03 06:14:54
13066,104.053261,30.67498499999997,2014-08-03 06:14:15
13066,104.049754,30.677166999999987,2014-08-03 06:13:45
13291,104.064396,30.619873000000016,2014-08-03 06:24:53
13291,104.062635,30.619892999999976,2014-08-03 06:24:43
13291,104.065618,30.619910000000015,2014-08-03 06:25:01
13291,104.067091,30.61995799999999,2014-08-03 06:25:11
13291,104.068621,30.619987,2014-08-03 06:25:21
13291,104.057074,30.62011500000002,2014-08-03 06:24:12
13291,104.071818,30.620153999999978,2014-08-03 06:25:42
13291,104.073492,30.620191000000034,2014-08-03 06:25:52
13291,104.075078,30.620232999999995,2014-08-03 06:26:02
13291,104.078104,30.62032399999996,2014-08-03 06:26:22
13291,104.079733,30.620360000000034,2014-08-03 06:26:32
13291,104.081509,30.620400999999998,2014-08-03 06:26:43
13291,104.08477,30.62048399999999,2014-08-03 06:27:03
13291,104.086379,30.620516999999992,2014-08-03 06:27:13
13291,104.087997,30.620559000000014,2014-08-03 06:27:23
13291,104.089703,30.620595000000048,2014-08-03 06:27:33
13291,104.093223,30.62067299999996,2014-08-03 06:27:53
13291,104.055415,30.62077500000001,2014-08-03 06:24:02
13291,104.09501,30.62102300000003,2014-08-03 06:28:04
13291,104.09617200000001,30.621949999999984,2014-08-03 06:28:14
13291,104.052306,30.622265999999993,2014-08-03 06:23:42
13291,104.096867,30.622862999999995,2014-08-03 06:28:22
13291,104.050802,30.62299400000004,2014-08-03 06:23:32
13291,104.097753,30.62403700000002,2014-08-03 06:28:32
13291,104.047468,30.624469000000023,2014-08-03 06:23:11
13291,104.04583400000001,30.625254000000034,2014-08-03 06:23:01
13291,104.098706,30.62528899999997,2014-08-03 06:28:42
13291,104.099664,30.626562999999987,2014-08-03 06:28:52
13291,104.042617,30.626835000000025,2014-08-03 06:22:41
13291,104.041212,30.62758299999998,2014-08-03 06:22:31
13291,104.039856,30.62822600000002,2014-08-03 06:22:21
13291,104.038536,30.628847999999998,2014-08-03 06:22:11
13291,104.037668,30.62937899999997,2014-08-03 06:22:03
13291,104.101477,30.629386999999966,2014-08-03 06:29:12
13291,104.035976,30.63080999999998,2014-08-03 06:21:42
13291,104.102456,30.630962999999994,2014-08-03 06:29:23
13291,104.035733,30.63099799999999,2014-08-03 06:21:12
13291,104.035771,30.631018000000008,2014-08-03 06:21:32
13291,104.035423,30.631169999999994,2014-08-03 06:21:02
13291,104.034502,30.631959999999953,2014-08-03 06:20:51
13291,104.10335,30.63238599999999,2014-08-03 06:29:33
13291,104.03417500000002,30.63254999999997,2014-08-03 06:20:31
13291,104.103222,30.632741000000028,2014-08-03 06:31:24
13291,104.1023,30.63276100000003,2014-08-03 06:31:34
13291,104.033714,30.633118999999983,2014-08-03 06:20:21
13291,104.10045900000001,30.633608000000002,2014-08-03 06:31:53
13291,104.100287,30.633634000000022,2014-08-03 06:32:23
13291,104.1003,30.633636000000024,2014-08-03 06:32:13
13291,104.100323,30.633641000000004,2014-08-03 06:32:03
13291,104.10024,30.633648999999984,2014-08-03 06:32:43
13291,104.100119,30.633696999999966,2014-08-03 06:32:53
13291,104.1042,30.633758000000036,2014-08-03 06:29:43
13291,104.032858,30.634021999999973,2014-08-03 06:20:11
13291,104.099365,30.634035999999984,2014-08-03 06:33:03
13291,104.09844,30.634438999999965,2014-08-03 06:33:13
13291,104.104987,30.63493800000002,2014-08-03 06:29:53
13291,104.097401,30.63494100000002,2014-08-03 06:33:24
13291,104.096738,30.635253000000024,2014-08-03 06:33:34
13291,104.096351,30.635376000000026,2014-08-03 06:33:54
13291,104.031069,30.63572100000003,2014-08-03 06:19:50
13291,104.105641,30.63596799999998,2014-08-03 06:30:03
13291,104.105207,30.63602199999998,2014-08-03 06:30:54
13291,104.030234,30.63663499999998,2014-08-03 06:19:40
13291,104.106315,30.637077999999963,2014-08-03 06:30:13
13291,104.029461,30.63748799999998,2014-08-03 06:19:32
13291,104.106456,30.637676999999982,2014-08-03 06:30:23
13291,104.028436,30.638532999999995,2014-08-03 06:19:22
13291,104.02752,30.639435999999968,2014-08-03 06:19:12
13291,104.025833,30.641140000000032,2014-08-03 06:18:52
13291,104.024687,30.64220299999998,2014-08-03 06:18:41
13291,104.023751,30.643111000000033,2014-08-03 06:18:31
13292,104.092246,30.64358200000002,2014-08-03 06:36:57
13291,104.022906,30.643957000000018,2014-08-03 06:18:21
13291,104.022104,30.644903999999986,2014-08-03 06:18:11
13292,104.093237,30.645217000000027,2014-08-03 06:37:15
13292,104.093302,30.64534600000001,2014-08-03 06:37:25
13292,104.093305,30.645350999999973,2014-08-03 06:38:06
13292,104.093304,30.645353000000025,2014-08-03 06:37:56
13292,104.093297,30.645354000000033,2014-08-03 06:37:36
13292,104.093301,30.645356999999994,2014-08-03 06:37:46
13291,104.021827,30.64599200000004,2014-08-03 06:18:01
13292,104.093777,30.646044999999994,2014-08-03 06:38:36
13292,104.094446,30.647067999999994,2014-08-03 06:38:46
13292,104.095145,30.64823500000004,2014-08-03 06:38:57
13291,104.021794,30.648236000000043,2014-08-03 06:17:40
13291,104.021756,30.649448999999972,2014-08-03 06:17:30
13292,104.095922,30.64952500000001,2014-08-03 06:39:07
13292,104.096738,30.650806999999993,2014-08-03 06:39:17
13291,104.021734,30.651680000000024,2014-08-03 06:17:10
13292,104.097503,30.65215,2014-08-03 06:39:27
13291,104.021711,30.652588000000026,2014-08-03 06:17:00
13291,104.021647,30.65388899999996,2014-08-03 06:16:50
13292,104.099022,30.654545000000002,2014-08-03 06:39:47
13291,104.021589,30.655175000000014,2014-08-03 06:16:40
13291,104.021541,30.656259999999957,2014-08-03 06:16:31
13292,104.100511,30.657039000000005,2014-08-03 06:40:06
13291,104.021435,30.657337000000023,2014-08-03 06:16:21
13292,104.10132500000002,30.658348999999948,2014-08-03 06:40:16
13292,104.102174,30.65966900000003,2014-08-03 06:40:26
13291,104.021304,30.659734999999976,2014-08-03 06:16:01
13291,104.021269,30.66087100000002,2014-08-03 06:15:51
13291,104.021389,30.66186999999998,2014-08-03 06:15:40
13292,104.102466,30.66208299999998,2014-08-03 06:40:46
13291,104.019688,30.66226300000003,2014-08-03 06:15:20
13291,104.020964,30.66226899999999,2014-08-03 06:15:30
13291,104.016806,30.662468999999994,2014-08-03 06:15:00
13291,104.015669,30.662632999999985,2014-08-03 06:14:50
13292,104.102134,30.662960999999978,2014-08-03 06:40:56
13291,104.014469,30.663278000000023,2014-08-03 06:14:40
13292,104.10159300000001,30.664305000000038,2014-08-03 06:41:07
13291,104.011904,30.664719999999974,2014-08-03 06:14:19
13291,104.010799,30.664785000000034,2014-08-03 06:14:11
13292,104.101105,30.665534999999984,2014-08-03 06:41:17
13292,104.100727,30.66648500000005,2014-08-03 06:41:27
13292,104.100348,30.667402000000003,2014-08-03 06:41:47
13292,104.100161,30.667775000000027,2014-08-03 06:41:57
13292,104.099893,30.66854300000002,2014-08-03 06:42:07
13292,104.099031,30.670669999999966,2014-08-03 06:42:28
13292,104.098603,30.67176300000003,2014-08-03 06:42:48
13292,104.098603,30.671774999999982,2014-08-03 06:42:58
13292,104.098608,30.671779000000004,2014-08-03 06:43:08
13292,104.098293,30.672570000000018,2014-08-03 06:43:27
13292,104.097999,30.67330299999996,2014-08-03 06:43:37
13292,104.097546,30.674298000000036,2014-08-03 06:43:47
13292,104.096802,30.675127999999955,2014-08-03 06:43:57
13292,104.09547600000002,30.67652100000004,2014-08-03 06:44:17
13292,104.095747,30.677519000000036,2014-08-03 06:44:27
13292,104.097149,30.679446000000016,2014-08-03 06:44:48
13292,104.098529,30.681075999999955,2014-08-03 06:45:08
13292,104.09937800000002,30.68211399999998,2014-08-03 06:45:18
13292,104.100237,30.683214999999997,2014-08-03 06:45:28
13292,104.10102800000001,30.68428400000002,2014-08-03 06:45:38
13292,104.102726,30.68653600000003,2014-08-03 06:45:59
13292,104.103566,30.687628000000036,2014-08-03 06:46:09
13292,104.105748,30.690310999999962,2014-08-03 06:46:29
13292,104.108103,30.693909999999985,2014-08-03 06:46:57
13292,104.104858,30.699618999999966,2014-08-03 06:47:38
13292,104.103607,30.70185499999999,2014-08-03 06:47:58
13292,104.10271500000002,30.703555000000023,2014-08-03 06:48:19
13292,104.103596,30.704092000000028,2014-08-03 06:48:29
13292,104.103781,30.70462099999998,2014-08-03 06:48:39
13292,104.103481,30.705158999999952,2014-08-03 06:48:49
13299,104.061176,30.611870000000046,2014-08-03 06:16:53
13299,104.060438,30.611979999999956,2014-08-03 06:16:43
13299,104.060499,30.612960999999963,2014-08-03 06:16:33
13299,104.066719,30.61404599999996,2014-08-03 06:15:22
13299,104.06574,30.614047999999986,2014-08-03 06:15:32
13299,104.062037,30.614054999999958,2014-08-03 06:16:02
13299,104.064447,30.61416599999999,2014-08-03 06:15:42
13299,104.06314,30.614208,2014-08-03 06:15:52
13299,104.066966,30.61462099999999,2014-08-03 06:15:12
13299,104.066916,30.615928999999962,2014-08-03 06:15:02
13299,104.066846,30.617306000000006,2014-08-03 06:14:52
13299,104.07741,30.620361999999965,2014-08-03 06:12:52
13299,104.077144,30.620364000000016,2014-08-03 06:13:12
13299,104.071724,30.62039800000003,2014-08-03 06:13:43
13299,104.077471,30.620408999999974,2014-08-03 06:12:42
13299,104.07759300000001,30.620467999999978,2014-08-03 06:12:32
13299,104.07928000000001,30.620469999999962,2014-08-03 06:12:12
13299,104.077884,30.620471000000016,2014-08-03 06:12:22
13299,104.081284,30.620522999999952,2014-08-03 06:12:02
13299,104.066883,30.620535999999973,2014-08-03 06:14:21
13299,104.075823,30.62056400000001,2014-08-03 06:13:22
13299,104.08699200000001,30.62062900000003,2014-08-03 06:11:31
13299,104.08525800000001,30.62063699999996,2014-08-03 06:11:41
13299,104.068944,30.620639000000025,2014-08-03 06:14:01
13299,104.067485,30.620679000000003,2014-08-03 06:14:11
13299,104.088424,30.62079000000001,2014-08-03 06:11:21
13299,104.089472,30.62080499999996,2014-08-03 06:10:53
13349,104.032498,30.58278100000002,2014-08-03 06:50:22
13349,104.032954,30.584004000000025,2014-08-03 06:50:12
13349,104.033455,30.585211999999984,2014-08-03 06:50:01
13349,104.033844,30.586138000000016,2014-08-03 06:49:51
13349,104.033776,30.58679600000002,2014-08-03 06:49:41
13349,104.032823,30.58704700000002,2014-08-03 06:49:31
13349,104.033036,30.587905000000024,2014-08-03 06:49:23
13349,104.033815,30.593302999999995,2014-08-03 06:48:53
13349,104.033879,30.595114,2014-08-03 06:48:43
13349,104.033914,30.59687699999997,2014-08-03 06:48:32
13349,104.03393,30.597975999999967,2014-08-03 06:48:22
13349,104.033954,30.598264999999962,2014-08-03 06:48:12
13349,104.033944,30.598270000000003,2014-08-03 06:48:02
13349,104.03392,30.59828099999997,2014-08-03 06:47:52
13349,104.033876,30.59910400000002,2014-08-03 06:47:32
13349,104.033821,30.601852999999977,2014-08-03 06:47:13
13349,104.033801,30.603144999999998,2014-08-03 06:47:03
13349,104.033774,30.604159999999972,2014-08-03 06:46:53
13349,104.033259,30.60470800000002,2014-08-03 06:46:43
13349,104.0323,30.605239000000022,2014-08-03 06:46:33
13349,104.031325,30.60573100000002,2014-08-03 06:46:23
13349,104.03036700000001,30.606242000000023,2014-08-03 06:46:13
13349,104.029414,30.606780000000008,2014-08-03 06:46:02
13349,104.02739,30.607860999999968,2014-08-03 06:45:42
13349,104.026341,30.608381000000033,2014-08-03 06:45:32
13349,104.025713,30.608725,2014-08-03 06:45:22
13349,104.025144,30.609138999999978,2014-08-03 06:45:12
13349,104.02204100000002,30.610889999999998,2014-08-03 06:44:41
13349,104.020592,30.611673999999958,2014-08-03 06:44:31
13349,104.019577,30.612401999999985,2014-08-03 06:44:23
13349,104.015991,30.615541000000007,2014-08-03 06:43:52
13349,104.012959,30.618025,2014-08-03 06:43:32
13349,104.011661,30.618989999999968,2014-08-03 06:43:24
13349,104.010099,30.620062000000033,2014-08-03 06:43:14
13349,104.0087,30.621010000000027,2014-08-03 06:43:04
13349,104.00735,30.621903999999983,2014-08-03 06:42:53
13349,104.006074,30.62254900000002,2014-08-03 06:42:33
13349,104.006026,30.622602999999973,2014-08-03 06:42:23
13349,104.005298,30.623170999999953,2014-08-03 06:42:13
13349,104.004315,30.623815000000032,2014-08-03 06:42:03
13349,104.002702,30.624872999999997,2014-08-03 06:41:43
13349,104.000471,30.62659999999999,2014-08-03 06:41:22
13349,103.999555,30.627694000000037,2014-08-03 06:41:12
13349,103.998457,30.629371000000017,2014-08-03 06:40:52
13349,103.997854,30.630348999999953,2014-08-03 06:40:42
13349,103.996974,30.631753,2014-08-03 06:40:32
13348,104.002311,30.63220000000001,2014-08-03 06:31:28
13348,104.00614000000002,30.633054999999985,2014-08-03 06:30:58
13348,104.00164600000001,30.633099000000037,2014-08-03 06:31:38
13349,103.995577,30.633943999999957,2014-08-03 06:40:12
13348,104.009243,30.634541000000038,2014-08-03 06:30:38
13349,103.994898,30.635006000000008,2014-08-03 06:40:02
13348,104.012395,30.635814999999962,2014-08-03 06:30:17
13348,104.014043,30.63639999999996,2014-08-03 06:29:57
13348,104.01403,30.636452999999978,2014-08-03 06:29:47
13348,104.014711,30.63673199999998,2014-08-03 06:29:37
13349,103.992615,30.63718900000003,2014-08-03 06:39:33
13348,104.016302,30.63734699999997,2014-08-03 06:29:27
13348,104.017544,30.637981999999994,2014-08-03 06:29:19
13347,104.057436,30.63830599999997,2014-08-03 06:12:54
13347,104.057361,30.63837100000001,2014-08-03 06:12:44
13347,104.057851,30.638517999999962,2014-08-03 06:13:05
13347,104.056968,30.63854600000001,2014-08-03 06:15:36
13347,104.056693,30.638616000000006,2014-08-03 06:12:34
13347,104.05575100000001,30.638949000000032,2014-08-03 06:16:06
13347,104.055776,30.638956999999955,2014-08-03 06:16:26
13347,104.055896,30.63896500000002,2014-08-03 06:15:46
13347,104.055741,30.63896799999999,2014-08-03 06:15:56
13347,104.055411,30.63911499999999,2014-08-03 06:16:47
13347,104.05830400000002,30.639216000000033,2014-08-03 06:13:15
13347,104.058159,30.63926099999997,2014-08-03 06:15:16
13347,104.058288,30.639285000000005,2014-08-03 06:13:25
13347,104.058278,30.639296999999985,2014-08-03 06:13:35
13347,104.058264,30.63931499999998,2014-08-03 06:13:55
13347,104.05821,30.639342000000028,2014-08-03 06:14:17
13347,104.05821,30.639357999999984,2014-08-03 06:14:25
13347,104.058219,30.639368000000005,2014-08-03 06:14:35
13347,104.058229,30.639370000000007,2014-08-03 06:14:55
13347,104.058271,30.639403000000033,2014-08-03 06:15:05
13347,104.054938,30.639460999999983,2014-08-03 06:12:16
13347,104.05493200000001,30.639513000000022,2014-08-03 06:11:56
13347,104.054454,30.63952300000001,2014-08-03 06:16:57
13347,104.054931,30.639530999999963,2014-08-03 06:11:46
13347,104.054941,30.639578999999998,2014-08-03 06:11:35
13347,104.054683,30.63974599999999,2014-08-03 06:11:15
13348,104.020677,30.64025999999997,2014-08-03 06:28:36
13347,104.051968,30.64058099999998,2014-08-03 06:17:17
13348,104.021867,30.641159999999978,2014-08-03 06:28:07
13347,104.051416,30.641186000000005,2014-08-03 06:10:55
13347,104.050663,30.641196999999966,2014-08-03 06:17:27
13347,104.04938800000001,30.64177900000002,2014-08-03 06:17:35
13347,104.049868,30.64186899999999,2014-08-03 06:10:45
13347,104.041511,30.642056999999948,2014-08-03 06:18:36
13347,104.04183,30.642079999999996,2014-08-03 06:09:44
13347,104.048447,30.642372000000023,2014-08-03 06:10:35
13347,104.042571,30.642405999999987,2014-08-03 06:18:26
13347,104.041306,30.642462000000016,2014-08-03 06:09:34
13347,104.042969,30.642575,2014-08-03 06:09:54
13347,104.041386,30.642887999999985,2014-08-03 06:18:46
13347,104.047063,30.643005999999993,2014-08-03 06:10:24
13347,104.043981,30.643023999999983,2014-08-03 06:18:16
13347,104.046431,30.64312799999999,2014-08-03 06:17:56
13347,104.044569,30.643285000000034,2014-08-03 06:10:04
13348,104.024777,30.643317,2014-08-03 06:27:26
13348,104.024775,30.64332300000003,2014-08-03 06:27:16
13348,104.024809,30.64333500000002,2014-08-03 06:26:56
13348,104.024812,30.64333500000002,2014-08-03 06:26:46
13348,104.024826,30.643339999999966,2014-08-03 06:26:36
13348,104.024835,30.643351000000028,2014-08-03 06:26:26
13347,104.045229,30.643545000000017,2014-08-03 06:18:06
13347,104.04578100000002,30.643555000000013,2014-08-03 06:10:14
13348,104.025369,30.643699000000037,2014-08-03 06:26:06
13347,104.041173,30.64378400000002,2014-08-03 06:09:24
13348,104.025964,30.644401999999968,2014-08-03 06:25:55
13348,104.025256,30.64524799999996,2014-08-03 06:25:45
13347,104.041208,30.646112999999975,2014-08-03 06:19:25
13347,104.039464,30.64611799999996,2014-08-03 06:20:16
13347,104.041198,30.64612300000002,2014-08-03 06:19:35
13347,104.041196,30.646127999999997,2014-08-03 06:19:45
13348,104.024672,30.646153000000027,2014-08-03 06:25:35
13347,104.040745,30.64618600000001,2014-08-03 06:20:06
13347,104.039391,30.646221999999955,2014-08-03 06:08:48
13347,104.040775,30.646250999999967,2014-08-03 06:08:58
13347,104.03815,30.646504999999998,2014-08-03 06:08:38
13347,104.037353,30.646880000000046,2014-08-03 06:08:28
13347,104.03716,30.64692699999995,2014-08-03 06:08:17
13347,104.036602,30.647133000000025,2014-08-03 06:08:07
13348,104.024621,30.647389999999973,2014-08-03 06:25:25
13347,104.035209,30.64760200000003,2014-08-03 06:07:57
13347,104.03482400000001,30.647619999999975,2014-08-03 06:20:46
13347,104.031629,30.647766999999963,2014-08-03 06:21:06
13347,104.032747,30.64777599999998,2014-08-03 06:07:37
13347,104.03309600000001,30.64778200000001,2014-08-03 06:20:56
13347,104.02780600000001,30.647792000000024,2014-08-03 06:21:27
13347,104.024624,30.647839000000037,2014-08-03 06:21:47
13347,104.023192,30.647885000000034,2014-08-03 06:21:57
13348,104.024492,30.647905999999974,2014-08-03 06:25:17
13347,104.022376,30.647929999999977,2014-08-03 06:06:08
13347,104.032507,30.647936999999974,2014-08-03 06:07:27
13347,104.024668,30.647942000000015,2014-08-03 06:06:26
13347,104.021992,30.647951999999975,2014-08-03 06:22:07
13347,104.029959,30.64797199999996,2014-08-03 06:07:07
13347,104.02858000000002,30.647989000000027,2014-08-03 06:06:56
13347,104.03131900000001,30.648003,2014-08-03 06:07:17
13347,104.026016,30.64807499999996,2014-08-03 06:06:36
13366,103.9574,30.566359999999964,2014-08-03 06:40:08
13366,103.95619300000001,30.566848000000032,2014-08-03 06:39:47
13366,103.958571,30.567011000000026,2014-08-03 06:40:28
13366,103.955369,30.567398999999995,2014-08-03 06:39:37
13366,103.959102,30.568160000000002,2014-08-03 06:40:36
13366,103.959705,30.569458000000047,2014-08-03 06:40:46
13366,103.956121,30.569609000000018,2014-08-03 06:39:17
13366,103.960149,30.570392000000023,2014-08-03 06:40:56
13366,103.956587,30.57043900000001,2014-08-03 06:39:06
13366,103.969078,30.570589999999967,2014-08-03 06:36:26
13366,103.95703,30.57095900000001,2014-08-03 06:38:56
13366,103.967049,30.570986999999967,2014-08-03 06:36:36
13366,103.975482,30.571211999999996,2014-08-03 06:35:25
13366,103.975371,30.57121400000003,2014-08-03 06:35:35
13366,103.975272,30.571234999999966,2014-08-03 06:35:45
13366,103.977739,30.571378000000035,2014-08-03 06:35:07
13366,103.95716,30.57150800000003,2014-08-03 06:38:08
13366,103.957239,30.571544999999965,2014-08-03 06:38:26
13366,103.957287,30.571548999999994,2014-08-03 06:38:36
13366,103.960746,30.57164499999998,2014-08-03 06:41:07
13366,103.964988,30.571665999999958,2014-08-03 06:36:46
13366,103.95701,30.571686999999965,2014-08-03 06:37:47
13366,103.980077,30.571783999999987,2014-08-03 06:34:57
13366,103.982414,30.57216500000002,2014-08-03 06:34:47
13366,103.962633,30.572351000000015,2014-08-03 06:41:27
13366,103.963003,30.572377999999965,2014-08-03 06:36:56
13366,103.961383,30.572545000000034,2014-08-03 06:41:17
13366,103.984892,30.57259699999997,2014-08-03 06:34:36
13366,103.987519,30.573050999999996,2014-08-03 06:34:26
13366,103.960643,30.573204000000036,2014-08-03 06:37:07
13366,103.990185,30.57353700000003,2014-08-03 06:34:16
13366,103.99301,30.574051000000026,2014-08-03 06:34:06
13366,103.995839,30.57453,2014-08-03 06:33:56
13366,103.99878000000001,30.57504399999996,2014-08-03 06:33:46
13366,104.007912,30.576636000000033,2014-08-03 06:33:15
13366,104.013408,30.577648000000018,2014-08-03 06:32:55
13366,104.015917,30.578671999999973,2014-08-03 06:32:45
13366,104.017672,30.579869000000034,2014-08-03 06:32:37
13366,104.022035,30.583365000000004,2014-08-03 06:32:16
13366,104.024156,30.585075000000018,2014-08-03 06:32:06
13366,104.026241,30.586757000000006,2014-08-03 06:31:56
13366,104.02832,30.588436999999978,2014-08-03 06:31:46
13366,104.032681,30.59193800000001,2014-08-03 06:31:26
13366,104.036985,30.595437999999962,2014-08-03 06:31:05
13366,104.038539,30.59679399999998,2014-08-03 06:30:55
13366,104.039867,30.597915999999984,2014-08-03 06:30:45
13366,104.041306,30.59917899999997,2014-08-03 06:30:35
13366,104.039018,30.601432999999997,2014-08-03 06:30:14
13366,104.037801,30.60220100000005,2014-08-03 06:30:04
13366,104.036796,30.60280499999997,2014-08-03 06:29:54
13366,104.035157,30.60371500000001,2014-08-03 06:29:36
13366,104.033086,30.604967000000027,2014-08-03 06:29:16
13366,104.031548,30.605787000000014,2014-08-03 06:29:06
13366,104.029611,30.60685699999998,2014-08-03 06:28:55
13366,104.021586,30.611211000000004,2014-08-03 06:28:15
13366,104.01825,30.613707999999995,2014-08-03 06:27:55
13366,104.015208,30.61628199999997,2014-08-03 06:27:34
13366,104.011461,30.619161000000034,2014-08-03 06:27:04
13366,104.004315,30.624049999999986,2014-08-03 06:26:25
13366,104.002047,30.62545899999998,2014-08-03 06:26:05
13366,104.000014,30.62726000000002,2014-08-03 06:25:45
13366,103.99806,30.629104999999996,2014-08-03 06:25:24
13366,104.000224,30.630520000000022,2014-08-03 06:24:44
13366,103.998246,30.63071599999996,2014-08-03 06:25:04
13366,103.999284,30.63071699999996,2014-08-03 06:24:54
13366,104.001236,30.63084200000002,2014-08-03 06:24:33
13366,104.002677,30.63153099999995,2014-08-03 06:24:15
13366,104.003206,30.63180899999996,2014-08-03 06:24:05
13366,104.005315,30.633002999999988,2014-08-03 06:23:45
13366,104.001178,30.63368600000003,2014-08-03 06:22:54
13366,104.00475,30.633804000000037,2014-08-03 06:23:35
13366,104.002882,30.63388199999998,2014-08-03 06:23:14
13366,104.000089,30.633993000000014,2014-08-03 06:22:34
13366,104.004037,30.634332000000015,2014-08-03 06:23:25
13366,103.999744,30.634394999999977,2014-08-03 06:22:24
13366,103.998162,30.63480400000001,2014-08-03 06:22:03
13366,103.998959,30.63484799999997,2014-08-03 06:22:14
13366,103.997925,30.635132000000024,2014-08-03 06:21:43
13366,103.996787,30.63706199999999,2014-08-03 06:21:23
13366,103.99565800000002,30.639167000000036,2014-08-03 06:20:53
13365,103.992779,30.641406000000046,2014-08-03 06:07:27
13365,103.992769,30.64141,2014-08-03 06:06:26
13365,103.992768,30.641411000000048,2014-08-03 06:06:16
13365,103.99278,30.641410999999977,2014-08-03 06:07:37
13365,103.992776,30.641414000000047,2014-08-03 06:07:07
13365,103.992762,30.641417000000015,2014-08-03 06:06:06
13365,103.992769,30.641417999999998,2014-08-03 06:06:36
13365,103.992808,30.64142399999998,2014-08-03 06:03:05
13365,103.992803,30.641428000000044,2014-08-03 06:02:37
13365,103.992807,30.641428999999977,2014-08-03 06:02:47
13365,103.992777,30.64142999999995,2014-08-03 06:06:57
13365,103.992777,30.64143300000004,2014-08-03 06:06:47
13365,103.992799,30.64143500000001,2014-08-03 06:02:26
13365,103.992812,30.641435000000023,2014-08-03 06:03:15
13365,103.992766,30.641436000000024,2014-08-03 06:05:36
13365,103.992801,30.641442999999956,2014-08-03 06:02:16
13365,103.992815,30.641443999999982,2014-08-03 06:03:25
13365,103.99281,30.64144599999998,2014-08-03 06:09:06
13365,103.99280000000002,30.641449999999992,2014-08-03 06:08:08
13365,103.992807,30.641453000000002,2014-08-03 06:02:06
13365,103.992776,30.64145499999997,2014-08-03 06:04:57
13365,103.992812,30.64145599999999,2014-08-03 06:03:36
13365,103.992822,30.641459000000015,2014-08-03 06:08:46
13365,103.992777,30.641459999999974,2014-08-03 06:05:07
13365,103.992781,30.641459999999988,2014-08-03 06:04:37
13365,103.992777,30.641461000000003,2014-08-03 06:05:17
13365,103.992795,30.64146299999999,2014-08-03 06:09:27
13365,103.992806,30.641466000000037,2014-08-03 06:08:18
13365,103.992809,30.641466000000015,2014-08-03 06:03:46
13365,103.992811,30.64146800000003,2014-08-03 06:01:56
13365,103.992821,30.641468000000007,2014-08-03 06:08:36
13365,103.992812,30.64147000000001,2014-08-03 06:01:46
13365,103.992816,30.64147100000005,2014-08-03 06:08:28
13365,103.992795,30.641471999999965,2014-08-03 06:09:47
13365,103.992794,30.64147300000002,2014-08-03 06:04:06
13365,103.992818,30.641472999999962,2014-08-03 06:00:45
13365,103.992814,30.64147800000002,2014-08-03 06:01:36
13365,103.992821,30.641479999999984,2014-08-03 06:00:35
13365,103.992816,30.641480999999967,2014-08-03 06:01:26
13365,103.992818,30.64148100000003,2014-08-03 06:01:16
13365,103.992821,30.64148200000003,2014-08-03 06:01:05
13365,103.992825,30.641486999999966,2014-08-03 06:00:26
13366,103.993548,30.641731999999976,2014-08-03 06:20:23
13402,104.099424,30.626651999999982,2014-08-03 06:17:07
13402,104.099696,30.62674400000003,2014-08-03 06:17:27
13402,104.099279,30.626763000000036,2014-08-03 06:16:47
13402,104.09857,30.627216999999977,2014-08-03 06:16:37
13402,104.100264,30.627613999999976,2014-08-03 06:17:37
13402,104.097281,30.628077000000033,2014-08-03 06:16:26
13402,104.100973,30.628642999999986,2014-08-03 06:17:48
13402,104.096449,30.628686000000013,2014-08-03 06:16:16
13402,104.096469,30.62888700000004,2014-08-03 06:15:58
13402,104.096437,30.62888999999999,2014-08-03 06:14:46
13402,104.096438,30.628894000000038,2014-08-03 06:14:57
13402,104.096448,30.62889999999998,2014-08-03 06:16:08
13402,104.096454,30.62890300000001,2014-08-03 06:15:37
13402,104.09643400000002,30.628909000000007,2014-08-03 06:15:27
13402,104.096425,30.62891399999997,2014-08-03 06:15:17
13402,104.096499,30.62902899999996,2014-08-03 06:14:36
13402,104.10158500000001,30.62958900000002,2014-08-03 06:17:58
13402,104.097145,30.630222999999976,2014-08-03 06:14:26
13402,104.102253,30.630725999999974,2014-08-03 06:18:08
13402,104.103103,30.632104,2014-08-03 06:18:18
13402,104.09833,30.632398000000013,2014-08-03 06:14:08
13402,104.104059,30.633636000000017,2014-08-03 06:18:28
13402,104.105105,30.635301000000016,2014-08-03 06:18:39
13402,104.106042,30.636822000000006,2014-08-03 06:18:49
13402,104.106991,30.63832900000004,2014-08-03 06:18:59
13402,104.10868,30.640999999999963,2014-08-03 06:19:17
13402,104.109794,30.642435999999964,2014-08-03 06:19:27
13402,104.110797,30.643928999999964,2014-08-03 06:19:37
13402,104.111687,30.645471000000025,2014-08-03 06:19:47
13402,104.11250700000001,30.647113000000022,2014-08-03 06:19:57
13402,104.113439,30.648699999999987,2014-08-03 06:20:07
13402,104.115059,30.656640999999983,2014-08-03 06:20:55
13402,104.115061,30.658355000000018,2014-08-03 06:21:05
13402,104.114682,30.66001499999996,2014-08-03 06:21:15
13402,104.114049,30.661628,2014-08-03 06:21:25
13402,104.107973,30.67638800000003,2014-08-03 06:22:56
13402,104.107019,30.67807499999999,2014-08-03 06:23:07
13402,104.106217,30.679571000000045,2014-08-03 06:23:17
13402,104.105646,30.680636000000035,2014-08-03 06:23:27
13402,104.102954,30.685516000000028,2014-08-03 06:24:06
13402,104.10202,30.686290999999997,2014-08-03 06:24:16
13402,104.098955,30.687449999999973,2014-08-03 06:24:36
13402,104.095506,30.689226999999978,2014-08-03 06:25:17
13402,104.095582,30.689236999999945,2014-08-03 06:25:06
13402,104.095273,30.689241999999993,2014-08-03 06:25:27
13402,104.092777,30.690567000000033,2014-08-03 06:25:47
13402,104.091095,30.691365,2014-08-03 06:25:57
13402,104.090133,30.691833999999993,2014-08-03 06:26:07
13402,104.089925,30.691994000000033,2014-08-03 06:26:18
13402,104.089558,30.69225299999999,2014-08-03 06:26:38
13402,104.088813,30.692567000000047,2014-08-03 06:26:46
13402,104.087533,30.69328999999998,2014-08-03 06:26:56
13402,104.086304,30.69388400000004,2014-08-03 06:27:06
13402,104.079326,30.694566999999974,2014-08-03 06:28:17
13402,104.075541,30.694657000000035,2014-08-03 06:29:16
13402,104.075632,30.694668000000014,2014-08-03 06:29:08
13402,104.07546000000002,30.694674999999954,2014-08-03 06:29:26
13402,104.082198,30.694685999999972,2014-08-03 06:27:37
13402,104.076213,30.694694999999975,2014-08-03 06:28:48
13402,104.075841,30.694696999999966,2014-08-03 06:28:58
13402,104.078299,30.694720000000025,2014-08-03 06:28:27
13402,104.080385,30.69472200000002,2014-08-03 06:27:57
13402,104.081162,30.69472799999998,2014-08-03 06:27:47
13402,104.074113,30.69477800000003,2014-08-03 06:29:47
13402,104.073807,30.695256000000043,2014-08-03 06:30:07
13402,104.073825,30.695368,2014-08-03 06:30:17
13402,104.073841,30.695553000000018,2014-08-03 06:30:37
13402,104.073821,30.69557700000003,2014-08-03 06:30:47
13675,104.132689,30.67039600000002,2014-08-03 06:45:52
13675,104.091831,30.660113999999968,2014-08-03 06:55:11
13675,104.09415,30.660509000000015,2014-08-03 06:54:37
13675,104.093278,30.660862000000034,2014-08-03 06:54:47
13675,104.121892,30.66509599999999,2014-08-03 06:48:06
13675,104.123731,30.665999000000028,2014-08-03 06:47:01
13675,104.11129700000001,30.661839,2014-08-03 06:50:11
13675,104.096425,30.66235099999995,2014-08-03 06:54:03
13675,104.113679,30.662577000000045,2014-08-03 06:49:26
13675,104.114075,30.66271000000003,2014-08-03 06:49:16
13675,104.117307,30.663659000000017,2014-08-03 06:48:36
13675,104.137735,30.673208999999954,2014-08-03 06:45:02
13675,104.135703,30.67188299999996,2014-08-03 06:45:32
13675,104.136584,30.671956999999992,2014-08-03 06:45:22
13675,104.142768,30.67833600000003,2014-08-03 06:44:01
13675,104.14097000000001,30.676551000000007,2014-08-03 06:44:31
13675,104.14344,30.67893199999995,2014-08-03 06:43:41
13675,104.14354,30.679037000000047,2014-08-03 06:43:30
13675,104.15575,30.691800000000026,2014-08-03 06:41:44
13675,104.153174,30.688983999999984,2014-08-03 06:42:05
13675,104.158753,30.694822999999978,2014-08-03 06:41:14
13675,104.161648,30.69521899999997,2014-08-03 06:40:13
13675,104.159521,30.696063999999964,2014-08-03 06:41:04
13675,104.159871,30.69707100000004,2014-08-03 06:40:54
13675,104.16176600000001,30.697136000000004,2014-08-03 06:40:33
13675,104.160626,30.697372999999956,2014-08-03 06:40:44
13675,104.16702,30.693215000000016,2014-08-03 06:38:42
13675,104.161814,30.693478000000013,2014-08-03 06:39:42
13675,104.161494,30.69353799999999,2014-08-03 06:39:52
13675,104.162969,30.693683000000046,2014-08-03 06:39:32
13675,104.164265,30.69388900000001,2014-08-03 06:39:22
13675,104.165395,30.69418600000002,2014-08-03 06:39:12
13675,104.161539,30.694196000000037,2014-08-03 06:40:02
13675,104.166772,30.694239,2014-08-03 06:38:52
13961,104.04826200000001,30.672899999999974,2014-08-03 06:57:24
13961,104.048441,30.673123000000007,2014-08-03 06:57:14
13961,104.048442,30.673135999999978,2014-08-03 06:57:04
13961,104.048419,30.67320399999999,2014-08-03 06:56:56
13961,104.046899,30.673365000000036,2014-08-03 06:57:54
13961,104.045773,30.673905000000023,2014-08-03 06:58:05
13961,104.048685,30.674069999999993,2014-08-03 06:49:16
13961,104.048716,30.674078999999985,2014-08-03 06:48:16
13961,104.048714,30.674094999999976,2014-08-03 06:47:15
13961,104.048654,30.67412200000003,2014-08-03 06:56:15
13961,104.048655,30.674123999999978,2014-08-03 06:56:25
13961,104.048658,30.67412600000002,2014-08-03 06:56:36
13961,104.048648,30.674138999999954,2014-08-03 06:52:16
13961,104.048651,30.674157000000033,2014-08-03 06:53:15
13961,104.04867,30.674175000000034,2014-08-03 06:51:16
13961,104.048713,30.67418299999997,2014-08-03 06:46:14
13961,104.044262,30.67429599999997,2014-08-03 06:58:45
13961,104.048858,30.674312999999994,2014-08-03 06:45:16
13961,104.044751,30.674391000000053,2014-08-03 06:58:15
13961,104.044563,30.674471999999966,2014-08-03 06:58:35
13961,104.049538,30.674712000000014,2014-08-03 06:45:05
13961,104.069474,30.678904,2014-08-03 06:40:24
13961,104.056317,30.679209999999962,2014-08-03 06:42:46
13961,104.056318,30.679215999999997,2014-08-03 06:42:36
13961,104.056265,30.679247999999973,2014-08-03 06:42:05
13961,104.056262,30.679256999999964,2014-08-03 06:42:25
13961,104.056848,30.679492999999994,2014-08-03 06:41:55
13961,104.068398,30.679769000000004,2014-08-03 06:40:34
13961,104.0813,30.67977399999999,2014-08-03 06:37:33
13961,104.057904,30.679916000000013,2014-08-03 06:41:45
13961,104.058862,30.680332000000007,2014-08-03 06:41:35
13961,104.065411,30.680859999999967,2014-08-03 06:40:54
13961,104.060534,30.68106000000003,2014-08-03 06:41:24
13961,104.063838,30.681387000000033,2014-08-03 06:41:04
13961,104.06217,30.68147700000002,2014-08-03 06:41:14
13961,104.085703,30.686181000000044,2014-08-03 06:35:24
13961,104.089519,30.692288000000026,2014-08-03 06:33:33
13961,104.089471,30.692505999999998,2014-08-03 06:32:34
13961,104.089428,30.692538999999975,2014-08-03 06:32:55
13961,104.089429,30.692548000000038,2014-08-03 06:32:44
13961,104.089814,30.692792000000033,2014-08-03 06:32:24
13961,104.091791,30.695702999999988,2014-08-03 06:31:54
13961,104.091954,30.695931999999996,2014-08-03 06:31:25
13961,104.09195,30.695933999999966,2014-08-03 06:31:35
13961,104.092056,30.696070000000038,2014-08-03 06:31:15
13961,104.092599,30.696876000000007,2014-08-03 06:31:05
13961,104.102118,30.699067999999997,2014-08-03 06:28:04
13961,104.094146,30.69907700000003,2014-08-03 06:30:45
13961,104.102129,30.699098999999986,2014-08-03 06:28:53
13961,104.101647,30.699118,2014-08-03 06:29:04
13961,104.102081,30.69911900000002,2014-08-03 06:28:25
13961,104.10214600000002,30.699118999999996,2014-08-03 06:28:43
13961,104.102082,30.699123000000004,2014-08-03 06:28:33
13961,104.100879,30.699244000000018,2014-08-03 06:29:14
13961,104.099897,30.699333000000003,2014-08-03 06:29:24
13961,104.097655,30.699384999999992,2014-08-03 06:29:44
13961,104.096525,30.699401999999967,2014-08-03 06:29:54
13961,104.095628,30.699653,2014-08-03 06:30:04
13961,104.094751,30.699881000000012,2014-08-03 06:30:35
13961,104.095018,30.699880999999973,2014-08-03 06:30:14
13987,104.022285,30.583897,2014-08-03 06:28:59
13987,104.0236,30.584957999999972,2014-08-03 06:28:51
13987,104.025182,30.586245999999978,2014-08-03 06:28:41
13987,104.026818,30.587562000000023,2014-08-03 06:28:31
13987,104.03001900000001,30.590122999999988,2014-08-03 06:28:11
13987,104.031631,30.591372000000018,2014-08-03 06:28:00
13987,104.032871,30.593208000000025,2014-08-03 06:27:40
13987,104.03288,30.594239999999996,2014-08-03 06:27:30
13987,104.033751,30.595221999999968,2014-08-03 06:27:10
13987,104.033793,30.596324999999982,2014-08-03 06:27:00
13987,104.04097600000001,30.617180999999984,2014-08-03 06:24:33
13987,104.041827,30.61838599999997,2014-08-03 06:24:23
13987,104.0426,30.61956000000004,2014-08-03 06:24:16
13987,104.059245,30.620153000000037,2014-08-03 06:20:59
13987,104.05618700000001,30.620667,2014-08-03 06:21:23
13987,104.043358,30.62072599999998,2014-08-03 06:24:05
13987,104.053405,30.62198900000004,2014-08-03 06:21:43
13987,104.044221,30.622024999999997,2014-08-03 06:23:55
13987,104.051039,30.623027999999973,2014-08-03 06:22:03
13961,104.076021,30.676058999999956,2014-08-03 06:38:55
13961,104.075104,30.676315000000034,2014-08-03 06:39:05
13961,104.051776,30.676316000000014,2014-08-03 06:44:05
13961,104.05176700000001,30.67631800000002,2014-08-03 06:44:15
13961,104.051786,30.676319999999983,2014-08-03 06:43:55
13961,104.051786,30.67633199999998,2014-08-03 06:43:45
13961,104.051802,30.67633300000001,2014-08-03 06:43:34
13961,104.051741,30.676346000000017,2014-08-03 06:44:35
13961,104.073819,30.67682299999997,2014-08-03 06:39:15
13961,104.076637,30.676841000000003,2014-08-03 06:38:44
13961,104.077262,30.677213999999957,2014-08-03 06:38:34
13961,104.072558,30.677259999999972,2014-08-03 06:39:25
13961,104.072234,30.67746100000001,2014-08-03 06:39:45
13961,104.071635,30.677509999999963,2014-08-03 06:39:55
13961,104.0779,30.67752699999998,2014-08-03 06:38:24
13961,104.05381,30.67765599999998,2014-08-03 06:43:14
13961,104.079763,30.677798000000013,2014-08-03 06:37:54
13961,104.079076,30.678079,2014-08-03 06:38:04
13961,104.070233,30.678117000000015,2014-08-03 06:40:14
13961,104.055117,30.678385999999993,2014-08-03 06:43:04
13961,104.083248,30.682718999999956,2014-08-03 06:37:05
13961,104.083344,30.682750999999993,2014-08-03 06:36:15
13961,104.083339,30.682754000000045,2014-08-03 06:36:25
13961,104.08333,30.682765000000025,2014-08-03 06:36:35
13961,104.083315,30.682783999999984,2014-08-03 06:36:45
13961,104.083443,30.68285000000001,2014-08-03 06:35:54
13961,104.08407,30.683724999999995,2014-08-03 06:35:44
13961,104.087848,30.689456000000035,2014-08-03 06:34:53
13961,104.088021,30.68976400000002,2014-08-03 06:34:33
13961,104.088007,30.689776999999957,2014-08-03 06:34:23
13961,104.088004,30.689789999999963,2014-08-03 06:34:13
13961,104.08802400000002,30.689870999999986,2014-08-03 06:34:03
13987,104.010158,30.577244000000043,2014-08-03 06:30:41
13987,104.012572,30.577614,2014-08-03 06:30:21
13987,104.013652,30.577781999999996,2014-08-03 06:30:10
13987,104.014909,30.578247000000026,2014-08-03 06:30:00
13987,104.016179,30.57890599999996,2014-08-03 06:29:50
13987,104.016786,30.579400000000014,2014-08-03 06:29:40
13987,104.018972,30.581192999999967,2014-08-03 06:29:20
13987,104.020422,30.582359,2014-08-03 06:29:10
13987,104.033823,30.600787999999984,2014-08-03 06:26:29
13987,104.033914,30.60354900000001,2014-08-03 06:26:11
13987,104.034258,30.605890999999993,2014-08-03 06:25:55
13987,104.034802,30.607466000000024,2014-08-03 06:25:44
13987,104.036283,30.610078999999953,2014-08-03 06:25:24
13987,104.037193,30.61155400000001,2014-08-03 06:25:14
13987,104.038144,30.613035999999962,2014-08-03 06:25:04
13987,104.039045,30.614485999999964,2014-08-03 06:24:54
13987,104.040025,30.615887999999966,2014-08-03 06:24:44
13987,104.050487,30.62331200000001,2014-08-03 06:22:23
13987,104.049392,30.623789000000013,2014-08-03 06:22:34
13987,104.048095,30.624282,2014-08-03 06:22:44
13987,104.047075,30.624797999999988,2014-08-03 06:22:54
13987,104.046019,30.625331999999993,2014-08-03 06:23:04
13987,104.046463,30.625675,2014-08-03 06:23:24
14188,103.971286,30.57036000000001,2014-08-03 06:23:31
14188,103.969183,30.57055299999998,2014-08-03 06:23:41
14188,103.972925,30.570574,2014-08-03 06:23:23
14188,103.974399,30.570913000000022,2014-08-03 06:23:13
14188,103.967169,30.570955000000023,2014-08-03 06:23:51
14188,103.975405,30.57122299999999,2014-08-03 06:22:42
14188,103.975317,30.571232000000013,2014-08-03 06:23:02
14188,103.97551700000001,30.571241000000022,2014-08-03 06:22:32
14188,103.975528,30.571242999999953,2014-08-03 06:22:22
14188,103.975553,30.571244999999973,2014-08-03 06:22:02
14188,103.975544,30.57124600000003,2014-08-03 06:22:12
14188,103.975661,30.571246000000016,2014-08-03 06:21:51
14188,103.976074,30.571262000000036,2014-08-03 06:21:31
14188,103.977637,30.57139899999998,2014-08-03 06:21:21
14188,103.957009,30.571492000000017,2014-08-03 06:25:12
14188,103.957039,30.57161300000003,2014-08-03 06:25:02
14188,103.979752,30.571754000000016,2014-08-03 06:21:11
14188,103.982242,30.572191000000043,2014-08-03 06:21:01
14188,103.957369,30.572314999999982,2014-08-03 06:24:52
14188,103.96286900000001,30.572395999999983,2014-08-03 06:24:11
14188,103.957856,30.57297899999998,2014-08-03 06:24:42
14188,103.98775,30.57314100000002,2014-08-03 06:20:41
14188,103.959028,30.57363100000003,2014-08-03 06:24:32
14188,103.990577,30.57364600000002,2014-08-03 06:20:31
14188,103.996556,30.574697000000018,2014-08-03 06:20:10
14188,104.002142,30.57570299999998,2014-08-03 06:19:50
14188,104.004862,30.57614599999999,2014-08-03 06:19:40
14188,104.006928,30.576477999999966,2014-08-03 06:19:32
14188,104.012199,30.577426999999965,2014-08-03 06:19:12
14188,104.014781,30.57816800000001,2014-08-03 06:19:02
14188,104.01918700000002,30.58111600000003,2014-08-03 06:18:41
14188,104.02091500000002,30.58250200000001,2014-08-03 06:18:31
14188,104.022728,30.58396699999998,2014-08-03 06:18:21
14188,104.026396,30.586951999999975,2014-08-03 06:18:01
14188,104.028258,30.588463999999988,2014-08-03 06:17:51
14188,104.030365,30.59015300000002,2014-08-03 06:17:40
14188,104.03426900000001,30.593299,2014-08-03 06:17:20
14188,104.036172,30.594837999999957,2014-08-03 06:17:10
14189,104.067016,30.59784400000001,2014-08-03 06:52:28
14189,104.065497,30.597880999999965,2014-08-03 06:52:18
14189,104.063258,30.597909000000005,2014-08-03 06:52:07
14189,104.061135,30.597922000000008,2014-08-03 06:51:57
14189,104.059591,30.597965999999996,2014-08-03 06:51:47
14189,104.058602,30.598074000000043,2014-08-03 06:51:37
14189,104.056639,30.59820300000003,2014-08-03 06:51:27
14189,104.067977,30.598207999999985,2014-08-03 06:52:48
14189,104.067977,30.598207999999985,2014-08-03 06:52:58
14189,104.049811,30.598218999999993,2014-08-03 06:50:59
14189,104.054266,30.59824799999996,2014-08-03 06:51:17
14189,104.047468,30.598409000000025,2014-08-03 06:50:49
14189,104.044768,30.598963999999953,2014-08-03 06:50:38
14189,104.067952,30.598975,2014-08-03 06:53:08
14188,104.042387,30.599803000000016,2014-08-03 06:16:40
14189,104.0424,30.599804999999996,2014-08-03 06:50:28
14189,104.067903,30.600349000000023,2014-08-03 06:53:18
14188,104.044455,30.601475000000004,2014-08-03 06:16:30
14189,104.067937,30.602018000000026,2014-08-03 06:53:28
14189,104.03841,30.60209300000005,2014-08-03 06:50:08
14188,104.050776,30.623019999999972,2014-08-03 06:12:20
14189,104.000929,30.623785999999967,2014-08-03 06:46:37
14188,104.048906,30.62384000000003,2014-08-03 06:12:10
14189,104.004127,30.623902000000033,2014-08-03 06:47:08
14189,104.003305,30.62449100000003,2014-08-03 06:46:58
14188,104.047011,30.624703000000007,2014-08-03 06:12:00
14188,104.045188,30.625576999999996,2014-08-03 06:11:50
14188,104.043352,30.626458999999997,2014-08-03 06:11:40
14188,104.04153700000002,30.627428999999978,2014-08-03 06:11:30
14188,104.037949,30.629334999999994,2014-08-03 06:11:10
14188,104.036264,30.630739999999978,2014-08-03 06:10:59
14188,104.034941,30.632138999999995,2014-08-03 06:10:49
14188,104.032289,30.634954999999984,2014-08-03 06:10:29
14188,104.03088500000001,30.636321999999964,2014-08-03 06:10:19
14188,104.029496,30.63773299999997,2014-08-03 06:10:09
14188,104.02798200000001,30.63926500000004,2014-08-03 06:09:58
14188,104.025211,30.641987000000043,2014-08-03 06:09:38
14188,104.023856,30.64334099999998,2014-08-03 06:09:28
14188,104.021867,30.653594000000048,2014-08-03 06:08:29
14188,104.02164,30.66091599999999,2014-08-03 06:07:49
14188,104.021537,30.664567000000012,2014-08-03 06:07:29
14188,104.021415,30.672126,2014-08-03 06:06:48
14188,104.025454,30.677990999999988,2014-08-03 06:06:08
14188,104.030024,30.682217000000012,2014-08-03 06:05:09
14188,104.027846,30.683876000000033,2014-08-03 06:04:49
14188,104.027911,30.68439400000004,2014-08-03 06:04:39
14188,104.027909,30.68441699999998,2014-08-03 06:04:29
14188,104.026756,30.686716999999994,2014-08-03 06:03:58
14188,104.023537,30.690121999999977,2014-08-03 06:02:57
14188,104.023514,30.691281,2014-08-03 06:02:39
14188,104.046718,30.60328199999998,2014-08-03 06:16:19
14189,104.036279,30.603341000000015,2014-08-03 06:49:58
14188,104.048651,30.604841999999977,2014-08-03 06:16:09
14189,104.031994,30.605644999999985,2014-08-03 06:49:38
14188,104.050196,30.606113999999994,2014-08-03 06:16:01
14189,104.029709,30.606840000000027,2014-08-03 06:49:28
14188,104.052164,30.607686999999963,2014-08-03 06:15:51
14189,103.990957,30.60834099999997,2014-08-03 06:40:54
14188,104.064859,30.608718999999972,2014-08-03 06:15:01
14188,104.05449400000002,30.60873100000002,2014-08-03 06:15:41
14188,104.062315,30.608767,2014-08-03 06:15:11
14188,104.057073,30.608848,2014-08-03 06:15:31
14188,104.066872,30.608858999999963,2014-08-03 06:14:50
14189,104.025032,30.609351999999962,2014-08-03 06:49:08
14189,103.994302,30.610077999999962,2014-08-03 06:41:25
14189,103.994302,30.610077999999962,2014-08-03 06:41:35
14189,103.994302,30.610077999999962,2014-08-03 06:41:45
14189,103.99427400000002,30.610453999999987,2014-08-03 06:41:55
14189,104.022387,30.610735999999957,2014-08-03 06:48:57
14189,103.993207,30.611243000000027,2014-08-03 06:42:06
14189,103.992493,30.611788000000033,2014-08-03 06:42:16
14189,103.992293,30.611945,2014-08-03 06:42:26
14189,103.992019,30.612155999999967,2014-08-03 06:42:36
14189,103.991809,30.61233399999999,2014-08-03 06:42:46
14189,103.991763,30.61238100000001,2014-08-03 06:42:56
14189,103.991671,30.61248300000004,2014-08-03 06:43:16
14189,103.991554,30.612530000000046,2014-08-03 06:43:27
14189,103.991333,30.612750000000034,2014-08-03 06:43:37
14189,103.991231,30.612850000000012,2014-08-03 06:43:47
14188,104.067163,30.613147999999995,2014-08-03 06:14:30
14189,103.990914,30.613193000000027,2014-08-03 06:44:07
14189,103.990804,30.613325999999986,2014-08-03 06:44:17
14189,103.990674,30.61346499999999,2014-08-03 06:44:26
14189,103.99032,30.613854000000035,2014-08-03 06:44:36
14189,103.989468,30.614825999999965,2014-08-03 06:44:46
14189,104.016909,30.614891999999966,2014-08-03 06:48:27
14189,103.98843,30.616137999999975,2014-08-03 06:44:56
14189,104.015084,30.61639599999996,2014-08-03 06:48:17
14189,103.988078,30.617462999999958,2014-08-03 06:45:06
14188,104.067054,30.61765899999997,2014-08-03 06:14:10
14189,103.98841,30.61822500000001,2014-08-03 06:45:17
14189,103.989802,30.618597000000005,2014-08-03 06:45:27
14188,104.066933,30.619129999999966,2014-08-03 06:14:00
14189,104.010974,30.61951900000003,2014-08-03 06:47:57
14188,104.066346,30.61969999999997,2014-08-03 06:13:50
14188,104.064824,30.619841999999952,2014-08-03 06:13:40
14188,104.058029,30.619944,2014-08-03 06:12:59
14188,104.061493,30.619982000000014,2014-08-03 06:13:19
14188,104.06311900000001,30.62002900000003,2014-08-03 06:13:29
14189,103.993344,30.62014099999999,2014-08-03 06:45:47
14189,104.008874,30.620905000000025,2014-08-03 06:47:46
14189,103.995065,30.620960999999948,2014-08-03 06:45:57
14188,104.054292,30.621343999999986,2014-08-03 06:12:39
14189,103.996287,30.621518999999974,2014-08-03 06:46:07
14189,103.997605,30.62220199999999,2014-08-03 06:46:17
14188,104.052434,30.622221999999997,2014-08-03 06:12:29
14189,104.006268,30.622548000000034,2014-08-03 06:47:26
14188,104.022083,30.64611999999997,2014-08-03 06:09:10
14188,104.021971,30.649777000000043,2014-08-03 06:08:50
14188,104.021516,30.668263000000014,2014-08-03 06:07:09
14188,104.022853,30.675515,2014-08-03 06:06:28
14188,104.027745,30.68004700000005,2014-08-03 06:05:39
14188,104.026224,30.687720000000038,2014-08-03 06:03:28
14214,104.162314,30.69306999999997,2014-08-03 06:39:30
14214,104.165648,30.69321099999999,2014-08-03 06:39:12
14214,104.161779,30.69321600000003,2014-08-03 06:39:40
14214,104.166924,30.693276999999966,2014-08-03 06:39:02
14214,104.16722800000001,30.693296999999994,2014-08-03 06:38:51
14214,104.168446,30.693338000000036,2014-08-03 06:38:31
14214,104.170018,30.69340900000003,2014-08-03 06:38:21
14214,104.171577,30.693484000000034,2014-08-03 06:38:11
14214,104.172628,30.69357099999999,2014-08-03 06:38:01
14214,104.172705,30.693577999999956,2014-08-03 06:37:51
14214,104.17285600000001,30.693578,2014-08-03 06:37:20
14214,104.172726,30.693580999999966,2014-08-03 06:37:41
14214,104.175877,30.693705000000005,2014-08-03 06:37:00
14214,104.177436,30.693768,2014-08-03 06:36:50
14214,104.179189,30.693875999999964,2014-08-03 06:36:40
14214,104.183034,30.694062999999996,2014-08-03 06:36:20
14214,104.161733,30.694114,2014-08-03 06:39:50
14214,104.183897,30.694353000000003,2014-08-03 06:36:10
14214,104.160412,30.694918999999945,2014-08-03 06:42:21
14214,104.16065,30.695013000000024,2014-08-03 06:29:28
14214,104.160209,30.695104999999987,2014-08-03 06:29:38
14214,104.183857,30.695232000000008,2014-08-03 06:35:59
14214,104.160216,30.695308000000033,2014-08-03 06:42:00
14214,104.160217,30.695310999999975,2014-08-03 06:41:50
14214,104.160214,30.69531299999996,2014-08-03 06:41:42
14214,104.160212,30.695313999999968,2014-08-03 06:41:32
14214,104.160186,30.695320000000038,2014-08-03 06:41:01
14214,104.160212,30.695323999999996,2014-08-03 06:41:11
14214,104.160904,30.695503999999975,2014-08-03 06:29:18
14214,104.16193400000002,30.69553599999995,2014-08-03 06:40:00
14214,104.160052,30.69557100000003,2014-08-03 06:40:51
14214,104.183813,30.69608400000004,2014-08-03 06:35:49
14214,104.159712,30.696181000000024,2014-08-03 06:40:41
14214,104.16085500000001,30.69625200000002,2014-08-03 06:29:10
14214,104.161251,30.696861000000023,2014-08-03 06:30:09
14214,104.183738,30.69695899999996,2014-08-03 06:35:39
14214,104.15994600000002,30.69709799999997,2014-08-03 06:40:31
14214,104.161068,30.69718299999996,2014-08-03 06:40:21
14214,104.183706,30.697636999999986,2014-08-03 06:35:31
14214,104.161853,30.69780300000004,2014-08-03 06:30:19
14214,104.183658,30.698082000000035,2014-08-03 06:35:21
14214,104.183661,30.69808699999999,2014-08-03 06:35:11
14214,104.18366,30.69810100000003,2014-08-03 06:34:51
14214,104.160568,30.698208000000037,2014-08-03 06:28:50
14214,104.16973400000002,30.699035000000038,2014-08-03 06:31:30
14214,104.170826,30.699113000000004,2014-08-03 06:31:40
14214,104.171242,30.699131999999963,2014-08-03 06:31:50
14214,104.167975,30.699146000000024,2014-08-03 06:31:20
14214,104.171748,30.69915700000003,2014-08-03 06:32:00
14214,104.172941,30.699215000000024,2014-08-03 06:32:11
14214,104.160259,30.699274999999993,2014-08-03 06:28:40
14214,104.17426,30.69928599999997,2014-08-03 06:32:39
14214,104.17424,30.699289000000018,2014-08-03 06:32:29
14214,104.174352,30.699292000000018,2014-08-03 06:32:49
14214,104.175425,30.69936500000004,2014-08-03 06:32:59
14214,104.164871,30.69940399999999,2014-08-03 06:31:00
14214,104.176813,30.69942099999998,2014-08-03 06:33:09
14214,104.178231,30.699437999999983,2014-08-03 06:33:19
14214,104.178631,30.699444000000046,2014-08-03 06:33:40
14214,104.178747,30.699448000000025,2014-08-03 06:34:00
14214,104.178624,30.699449000000048,2014-08-03 06:33:30
14214,104.181343,30.699575999999976,2014-08-03 06:34:20
14214,104.182879,30.69964600000003,2014-08-03 06:34:30
14214,104.16326,30.69985400000003,2014-08-03 06:30:39
14214,104.159886,30.700252999999982,2014-08-03 06:28:29
14214,104.159326,30.701575999999964,2014-08-03 06:28:19
14214,104.130997,30.714797000000047,2014-08-03 06:25:59
14214,104.12882,30.71549000000002,2014-08-03 06:25:49
14214,104.12637500000001,30.715947999999987,2014-08-03 06:25:39
14214,104.121702,30.716688000000005,2014-08-03 06:25:19
14214,104.118658,30.717100000000038,2014-08-03 06:24:59
14214,104.117552,30.717157000000036,2014-08-03 06:24:49
14214,104.115894,30.71733,2014-08-03 06:24:38
14214,104.114426,30.717503999999963,2014-08-03 06:24:28
14214,104.111756,30.717822000000016,2014-08-03 06:24:08
14214,104.110524,30.717967999999978,2014-08-03 06:23:58
14214,104.109223,30.71814599999999,2014-08-03 06:23:47
14214,104.106245,30.71849200000004,2014-08-03 06:23:27
14214,104.105587,30.718496000000012,2014-08-03 06:23:19
14214,104.158282,30.703193999999964,2014-08-03 06:28:09
14214,104.156706,30.704849999999965,2014-08-03 06:27:59
14214,104.154769,30.706316000000022,2014-08-03 06:27:49
14214,104.152487,30.707535999999994,2014-08-03 06:27:39
14214,104.15006800000002,30.70833999999996,2014-08-03 06:27:28
14214,104.14611,30.709133999999985,2014-08-03 06:27:08
14214,104.143976,30.709515000000028,2014-08-03 06:26:58
14214,104.138928,30.710631,2014-08-03 06:26:38
14449,104.050793,30.692174000000033,2014-08-03 06:05:52
14449,104.071267,30.694207,2014-08-03 06:13:35
14449,104.07420500000002,30.69422499999998,2014-08-03 06:15:24
14449,104.051491,30.69425899999998,2014-08-03 06:06:33
14449,104.059907,30.694280000000028,2014-08-03 06:10:04
14449,104.075213,30.69428300000002,2014-08-03 06:15:34
14449,104.070256,30.694286999999985,2014-08-03 06:13:24
14449,104.056812,30.694299000000026,2014-08-03 06:08:14
