traj_num,date_time,longitude,latitude
4,1578493306,104.37792309679068,30.33007092114214
2,1578491433,104.797604921424,30.06083937439886
18,1578492326,104.8353827275613,30.99107460290406
14,1578491374,104.68848814046964,30.56687919800816
1,1578491917,104.85386688305753,30.255820432724505
4,1578493842,104.33034408167546,30.514558916401587
8,1578491523,104.24327143115873,30.430455995162934
17,1578492300,104.42766416322092,30.83930575562342
16,1578491782,104.07183143799084,30.651754051410926
5,1578490632,104.73842791674679,30.149002661567526
2,1578491114,104.70724798951991,30.28332101414842
16,1578492936,104.56406369194683,30.57958205292435
11,1578491892,104.14156143944922,30.692843144255292
18,1578493938,104.9734273300444,30.914193276364717
10,1578493306,104.15907714287748,30.2304831796245
17,1578491167,104.79453743795567,30.820459515691713
4,1578493224,104.52985404630279,30.27983601921824
4,1578493963,104.11565874251235,30.514551860465417
6,1578490795,104.22112554364969,30.037047634145935
1,1578491690,104.7947455406124,30.082750759698516
17,1578490648,104.16334459948983,30.55112770293341
9,1578491758,104.95132720419873,30.720738762129283
16,1578492155,104.16699293763392,30.618425220849684
13,1578493054,104.97981638235265,30.398764641029427
18,1578491943,104.85453905064168,30.62123853086351
6,1578491500,104.48138465096781,30.714809678058746
9,1578490901,104.87799225792781,30.923262042456194
4,1578493683,104.64550591457646,30.904048611783473
1,1578492343,104.54795944728524,30.663899010155777
12,1578492847,104.63137706969266,30.273278626728086
20,1578491911,104.05612395386476,30.8888739215213
12,1578493676,104.26909758441653,30.05870828776163
8,1578492637,104.97042544199637,30.68559301236224
5,1578494080,104.62865033672679,30.222215428872435
14,1578493225,104.26656780925059,30.654661562906558
8,1578493558,104.59703080633156,30.48984412530876
8,1578492492,104.59251344079856,30.105795950463268
6,1578492383,104.36927523628394,30.86715110538655
6,1578493432,104.69250596537171,30.631889739190388
6,1578493844,104.36505458486816,30.01920043997317
20,1578492990,104.80255914327527,30.448195635795074
10,1578492600,104.87958336267167,30.694957296879124
15,1578493184,104.68328022329246,30.70134176598517
18,1578492881,104.66073362721701,30.84733402196326
12,1578492857,104.13796467624115,30.668307409535387
18,1578491202,104.8868251672387,30.742953218216464
4,1578492203,104.72501143351889,30.964572905108465
8,1578491759,104.31753096221686,30.27898243682396
12,1578492361,104.88170851305671,30.19443535076153
6,1578493931,104.45842763690017,30.030508540636635
12,1578493301,104.2069852217332,30.79058501672244
11,1578493990,104.88219308551994,30.181538288320667
12,1578492568,104.3567384271907,30.3775542776739
15,1578490859,104.24326189878384,30.81412448430239
5,1578491943,104.11151679782287,30.436525062036626
4,1578492113,104.1223681699305,30.54987874959676
16,1578493754,104.87683270176568,30.62530554386403
10,1578492950,104.53640043605772,30.852359715146598
1,1578492570,104.6894836969528,30.78640054841722
9,1578493939,104.87447115753696,30.85598298994313
15,1578492243,104.42784714063643,30.616439150265123
17,1578492701,104.54758280671894,30.395455351735233
20,1578490728,104.47247347740284,30.02103155264269
6,1578490675,104.72006770436664,30.22525951461516
11,1578490795,104.07365596915766,30.78173703104528
7,1578492097,104.68192078415693,30.569800819285376
18,1578491916,104.28457539026743,30.65928321812392
15,1578492604,104.14803110872313,30.514155843451242
2,1578491828,104.78118028766706,30.145763189694534
4,1578491331,104.14026095780284,30.550798163321815
20,1578491722,104.91519647985682,30.356082360677956
3,1578491449,104.21665272394604,30.772917283016227
4,1578490540,104.95592839006734,30.089152620026873
19,1578492868,104.81174542672213,30.68933608952636
19,1578493071,104.03451508648355,30.230473754725587
5,1578493394,104.95200707964045,30.17690068790985
7,1578491019,104.88199853356383,30.665698624463435
10,1578491743,104.87451110817918,30.453659446356678
18,1578492128,104.49769135101329,30.123494698147123
17,1578492562,104.9862258870911,30.957983991989504
5,1578492635,104.09739025541451,30.95121532649484
4,1578492039,104.76740778638951,30.677613651546583
17,1578492717,104.99822496110707,30.798192522426287
8,1578493617,104.54798560624603,30.82207160674177
5,1578493845,104.13215420890022,30.37805867624027
10,1578491539,104.28696583953214,30.327694392136717
19,1578491162,104.10110633203385,30.711864601169676
14,1578491173,104.40355266626507,30.166323997984687
11,1578493086,104.26772408814186,30.176594394003768
20,1578493383,104.98968879988688,30.87107626002036
16,1578493056,104.89271898765558,30.591626997584704
10,1578492828,104.52313795669718,30.852149479561547
9,1578491810,104.13414449899805,30.649073904429564
17,1578490888,104.09924811785271,30.2090829827946
10,1578491392,104.01160944647825,30.655150732885545
3,1578494018,104.84299769973616,30.967988476517917
2,1578493261,104.87893434514727,30.853652132301356
4,1578491890,104.79820359904014,30.69996489895022
18,1578491567,104.12173219805794,30.608340407857135
13,1578492541,104.08011190218488,30.934332252339043
8,1578493140,104.67856007357005,30.570760633093066
5,1578494067,104.30590059821496,30.42307469873902
17,1578491728,104.34931428945173,30.266075416453713
12,1578490837,104.88446263595445,30.92081948476134
3,1578491645,104.85412641519162,30.102194309266284
8,1578491163,104.19114222821052,30.75901260468501
14,1578490859,104.48853812751369,30.006726163824553
13,1578491403,104.88023002398046,30.290422377748566
10,1578493509,104.62847200897109,30.614637130677767
16,1578492830,104.36676592543219,30.079892229108772
8,1578493238,104.8463954627773,30.762919599931976
6,1578491132,104.30057215872087,30.070386092504013
15,1578490828,104.12322079830916,30.985559727773772
1,1578491375,104.41913994225612,30.30520338127619
3,1578490631,104.0967258784366,30.856109177385903
5,1578493350,104.62889438183755,30.605007698512136
5,1578492296,104.1973089292734,30.854854681762312
17,1578493392,104.2823300419493,30.544481606715983
4,1578493697,104.6859182759003,30.403893232925967
15,1578490769,104.64150859128095,30.2874924766337
9,1578491304,104.20085878507214,30.25288665036395
5,1578491276,104.5381839771861,30.212463296612952
3,1578493151,104.97410239728914,30.69455886984545
13,1578492737,104.31259847175612,30.610036952082968
20,1578491934,104.85159425868359,30.99796442848932
13,1578490640,104.57073055885046,30.826892613884013
20,1578493552,104.65575326889297,30.961245403416847
3,1578492186,104.65647770670255,30.187175136996874
17,1578491662,104.61259929512079,30.38901932652173
5,1578494075,104.37689165403602,30.282480323739932
1,1578492670,104.06739533963997,30.21976373304551
2,1578492793,104.426318929394,30.891823145570154
19,1578492219,104.01649630442941,30.497760400146866
14,1578491491,104.39562189886136,30.66769429086168
6,1578490686,104.96368851338725,30.556691751771364
3,1578493846,104.70793417584733,30.54016875581009
8,1578491344,104.11108019463553,30.32178378644144
7,1578492613,104.69518978005681,30.19525994762233
6,1578491969,104.6599891571274,30.33055256054207
7,1578491021,104.90598267169747,30.861637015367638
20,1578491519,104.98236131459281,30.424403020371912
10,1578494078,104.68569979809334,30.581034646545785
11,1578491726,104.75378903368002,30.87452363291043
6,1578491157,104.32064443136971,30.92714634657254
4,1578491361,104.42221317924258,30.316873112251
18,1578491930,104.82406817634693,30.799576061113886
19,1578492000,104.23619757786894,30.140477332481563
5,1578491439,104.53538016985365,30.20996935489162
16,1578491263,104.83312016566995,30.313713205705625
18,1578490541,104.29413036518854,30.496801443470325
2,1578492072,104.49328700953897,30.40303376550524
14,1578490616,104.94915098511638,30.02615002052921
7,1578493099,104.33186652080647,30.15113690268109
15,1578491314,104.35502779054818,30.90791034929043
4,1578492644,104.01704627786954,30.962916431689006
2,1578493054,104.50887734773342,30.30834239762694
8,1578492676,104.59628793306972,30.165768020381055
19,1578493070,104.72269682947538,30.869227477042923
14,1578492404,104.20520397125078,30.65665269804069
17,1578491622,104.06465465333328,30.669945842587254
3,1578492592,104.40291271937777,30.884179054848886
6,1578491482,104.10228792432318,30.274944428530837
9,1578492530,104.90231526843739,30.600880114671146
11,1578491675,104.46507302624936,30.138480048154275
18,1578493138,104.51611008921348,30.015465523084682
9,1578493500,104.14930390340808,30.10847597215646
1,1578493498,104.0514378247584,30.540231542320388
9,1578491642,104.80566940453438,30.514255347331044
20,1578492916,104.31498154921475,30.06875504903693
10,1578490931,104.85845200764177,30.81887369119294
8,1578491940,104.93071531550116,30.501772994108244
3,1578491793,104.46421685009568,30.44021308781513
1,1578492261,104.83155444177498,30.394766161507334
4,1578493102,104.62911389337994,30.18342086950921
16,1578490696,104.74969922259758,30.259680125661056
13,1578490958,104.72284390747413,30.319027590345133
20,1578491189,104.56259590454303,30.774935669487608
9,1578493921,104.85629982416701,30.44644038356789
20,1578492491,104.60672382678271,30.789767402580818
20,1578493625,104.88069123287764,30.064411317858333
18,1578493685,104.42280512667696,30.534327827511355
11,1578493858,104.60487329074438,30.035470521075577
7,1578492314,104.33481889363296,30.138642197660445
19,1578492332,104.82827395942671,30.114924970820713
18,1578491153,104.68517468133678,30.13401375681374
5,1578494103,104.60035044818456,30.34909199183812
11,1578491953,104.66170598416018,30.426573702823195
14,1578493469,104.15163520161452,30.997612036611127
3,1578493272,104.45479226739856,30.62094663205441
12,1578493313,104.79822860233455,30.955828984139867
17,1578491943,104.28538839926833,30.648855607024817
11,1578493582,104.62100872030432,30.38785206807806
17,1578491322,104.36482555175792,30.09203924058488
12,1578491846,104.83923890087542,30.07131066050582
7,1578491999,104.48575794207508,30.329703971534663
19,1578492177,104.63476713227863,30.249017598295218
5,1578492982,104.42691402052931,30.840543344356238
13,1578493813,104.3800538793044,30.154066681954472
8,1578490808,104.02324689314159,30.53635367915628
11,1578492384,104.8877618945765,30.36284603467655
14,1578492832,104.42436910629137,30.10235874474643
10,1578493250,104.68425480048494,30.656521559828946
1,1578493586,104.9662058108131,30.803176962531463
17,1578492267,104.49354530015309,30.077987578585795
1,1578493451,104.55719012095997,30.713736503172328
11,1578492297,104.92096357276405,30.66660433424972
5,1578490693,104.55849854411993,30.1687261199461
16,1578491624,104.13317870829563,30.010167941693528
8,1578491800,104.1693778722998,30.56502803179237
18,1578493436,104.19875754006745,30.523303862761402
11,1578493136,104.75311663779412,30.65557914526619
3,1578491299,104.35789314424551,30.080625124740283
17,1578492333,104.81015054820693,30.721192142830407
9,1578492366,104.71887498602891,30.57738459141513
7,1578491313,104.86679711354532,30.920548207854814
12,1578491706,104.7344703649591,30.42596059017181
16,1578491471,104.87122192059354,30.961239811308506
4,1578493462,104.17326341532669,30.877643615112262
16,1578490769,104.12885590372082,30.628045020492923
10,1578493867,104.50961027860595,30.6304005599694
5,1578492021,104.79693239325087,30.7344161385322
19,1578491723,104.97880741139478,30.716868175240304
6,1578492871,104.66915931235067,30.992204298557223
11,1578492584,104.37721827391802,30.008754627293875
12,1578491712,104.41283846616157,30.102662168969495
15,1578491939,104.61011911733527,30.081679427637994
5,1578492070,104.44949279650827,30.71905119499191
20,1578491788,104.0279543548582,30.216351191748824
16,1578492506,104.06746916778937,30.021033990580506
15,1578493813,104.9592852849381,30.811288081337185
17,1578490970,104.40931440547745,30.972849667927576
11,1578492737,104.40385022959791,30.622267725401734
7,1578493048,104.98639144708523,30.63001988869949
20,1578491956,104.80678964687861,30.711931744625208
11,1578493516,104.83678157122937,30.12531118659741
2,1578493018,104.49603862558376,30.978054961795
6,1578493009,104.47166315898112,30.800613817992566
9,1578491077,104.8102330002073,30.633991819104196
13,1578491986,104.71086871923201,30.512104500126146
12,1578493277,104.62000599252093,30.1988444281719
19,1578492479,104.8120481217591,30.845679086727085
19,1578492260,104.25360548277449,30.946116780633094
3,1578490913,104.8348080911633,30.28601515724066
5,1578490661,104.44576626766283,30.779703455085883
16,1578494064,104.1491448855053,30.949700308363866
9,1578491016,104.71006878345362,30.541173034033626
8,1578493155,104.29626560772053,30.9303983371648
7,1578492471,104.99230535230936,30.2287244256642
15,1578492645,104.65586198573433,30.000299721617402
17,1578493526,104.45277684918311,30.345852563508735
7,1578492196,104.09977660340819,30.70816438199848
11,1578492566,104.17122180472602,30.41058967399299
14,1578492634,104.41314393576856,30.283389832948615
19,1578491861,104.67121638145012,30.076272264006928
3,1578492583,104.65236566772509,30.804789954350312
8,1578493100,104.72228687247156,30.339144346476736
18,1578493358,104.50766956612637,30.339999458507933
6,1578493183,104.7950181221315,30.052597637418312
17,1578491716,104.63477667521252,30.34154517788355
2,1578491883,104.66862559061386,30.635367693206856
6,1578490643,104.13952162891303,30.011075996464754
4,1578491988,104.64766209541105,30.04902346123319
20,1578494080,104.59535778709169,30.908363074351847
14,1578491605,104.59082201196033,30.73971254748948
6,1578492165,104.77397318598723,30.754262383036664
14,1578492312,104.62493887068598,30.637795440450095
5,1578490986,104.58489655131426,30.067814154940375
2,1578493908,104.79561991704033,30.31502058114247
13,1578492811,104.71166800620209,30.612228021436973
18,1578492712,104.79687761408728,30.91023522726466
14,1578491740,104.09846679631397,30.86919078042969
9,1578492525,104.20525914626504,30.564569710989637
15,1578492554,104.10993566837044,30.043240324746638
20,1578492155,104.37175053514859,30.976734865119077
18,1578492037,104.25452960792026,30.31353438678875
13,1578493978,104.53682188808874,30.663125677352078
12,1578493360,104.90328831088414,30.81952100363888
3,1578492231,104.15995456466784,30.43345475609732
14,1578493819,104.84424249782217,30.429625172800137
8,1578492732,104.5307707993964,30.10156375260564
12,1578491527,104.74496018551605,30.64080285174416
3,1578492622,104.2378022253244,30.013383226241867
8,1578491173,104.93090108156674,30.55204293883281
6,1578493719,104.32398615312817,30.485123720145353
17,1578494017,104.5319655206273,30.570509696751373
2,1578493343,104.44043800267492,30.25699046292835
10,1578490576,104.6826443846664,30.29489339147326
3,1578492801,104.09471208716322,30.97333986787447
5,1578490877,104.8254704935558,30.26470363630482
8,1578492801,104.18189566291089,30.576051337768142
4,1578492639,104.56054488801406,30.19587084895162
6,1578493184,104.55335580619713,30.861848690012962
2,1578492597,104.35731451586648,30.971495019610266
4,1578493699,104.3487859331524,30.70097730504196
19,1578491320,104.81594584447082,30.419214751567313
8,1578494051,104.3122291983197,30.405192857874734
13,1578490566,104.42043316533425,30.76245101210781
17,1578492928,104.49048150556709,30.579401288642007
9,1578493780,104.22421726924459,30.039517050589286
8,1578494115,104.15930806382413,30.196983899529766
10,1578493980,104.54353015891625,30.85508454682125
4,1578490635,104.6515403379667,30.073147609620587
3,1578493249,104.46800338612076,30.917909566413048
4,1578491673,104.44118980038496,30.336557312022585
16,1578490916,104.26274694150933,30.815644883633457
7,1578490936,104.65990933847506,30.429321015934562
11,1578492278,104.63978723094874,30.82610555270803
2,1578491421,104.24642829083741,30.149644981389923
9,1578492369,104.33093387628956,30.87037538710703
18,1578493653,104.82750623857454,30.961367009141554
10,1578492734,104.05858739173372,30.301972553804482
16,1578491816,104.02361054801023,30.949635265686823
13,1578491324,104.70302365335041,30.166100861673925
13,1578492183,104.77735491628833,30.461089321159513
9,1578492269,104.73519755517113,30.662410440646262
2,1578493162,104.28432363155848,30.548712916447986
17,1578490911,104.71312080647728,30.823186974688845
3,1578491649,104.08574986567571,30.738859457883077
9,1578493281,104.43195784638917,30.036738359329654
14,1578491738,104.18082937824198,30.353848636571502
10,1578492952,104.13876164492383,30.3166657696137
14,1578490540,104.48626942498309,30.746569963359914
19,1578490826,104.17685439835704,30.92022524788793
1,1578492639,104.14786421876973,30.516108428838557
16,1578493147,104.45183207052543,30.064988311378865
1,1578491482,104.9961218348577,30.58842055772829
3,1578491844,104.16569306666301,30.67559259739739
11,1578491868,104.13091396587288,30.651326122221754
20,1578493924,104.87840593024995,30.354892590939308
9,1578491320,104.81608864608745,30.654046019197963
7,1578491945,104.96417135091626,30.69695049781786
13,1578493214,104.98418536422238,30.057263365815807
14,1578492715,104.47219702492117,30.10495032474915
18,1578494058,104.2009935468882,30.137867794637717
11,1578491332,104.17933117499501,30.838897723487694
15,1578493479,104.92436365186829,30.764002915382623
2,1578492299,104.1858417358664,30.449103452836297
3,1578492573,104.38215014543668,30.029856280611714
11,1578490718,104.52272156209908,30.367237772243897
10,1578493222,104.01615955641056,30.2804192326926
18,1578491495,104.45935639995324,30.383420921854878
6,1578492573,104.60109222465522,30.460646618817186
11,1578493085,104.85102216845121,30.218932181454615
12,1578493272,104.33916864585908,30.567460079568075
11,1578492775,104.2972224852862,30.376482373625127
16,1578491165,104.72773639578577,30.690013389439144
16,1578493986,104.75972551281639,30.4396062550606
8,1578494072,104.41753129694155,30.670381144518903
11,1578492553,104.1754461413921,30.272917095199634
19,1578491234,104.36047083737847,30.492536869622977
19,1578491993,104.8508270355134,30.448360106066474
18,1578492692,104.1070626032883,30.07995223498105
10,1578491134,104.43462725327636,30.615908835949746
2,1578494081,104.29742033344633,30.217952682200206
8,1578491478,104.71707506215834,30.64632021338949
20,1578492149,104.37072125561455,30.84836169911193
16,1578492399,104.23129395284346,30.111730888260798
7,1578492474,104.15752239327242,30.827641823655025
8,1578493277,104.55263054760022,30.108299279271396
11,1578493430,104.14676414658506,30.046528349377553
3,1578490584,104.14702252059381,30.870152147686017
13,1578492933,104.60118004632679,30.004609446595374
12,1578493957,104.56420130504401,30.296900433673216
2,1578490880,104.67717530384797,30.288665472106622
9,1578493943,104.67477995977444,30.246708163624426
12,1578491023,104.75213549278885,30.1877695435504
5,1578493046,104.82956580750502,30.947603298859278
7,1578491004,104.94534041192752,30.71097208878431
4,1578491751,104.53109355770899,30.492135684689142
6,1578493673,104.0011730179328,30.391876232691814
17,1578492009,104.59884456170414,30.069701160800545
13,1578493332,104.4199664342858,30.972061003799073
13,1578493421,104.81172477997883,30.89056261446878
14,1578491511,104.07952131516959,30.16665361590419
9,1578491893,104.1038629867584,30.53865813510847
9,1578493304,104.70209694403867,30.656114559602866
18,1578492589,104.12892500791173,30.741796260226405
8,1578492582,104.05541037917575,30.06929286556214
8,1578493902,104.77954378052225,30.549830712055943
5,1578492517,104.55455049504884,30.65198513569734
13,1578490892,104.58364362509639,30.545578850762773
17,1578491511,104.74418839799782,30.764234695325605
2,1578491410,104.22861545381777,30.079792874671316
7,1578490844,104.95126017653183,30.637580809149377
14,1578492787,104.58758095272513,30.108719948931768
9,1578493171,104.93119458138142,30.524712928435463
15,1578490695,104.89192892098012,30.07235646892197
12,1578491970,104.07871712238692,30.824812639066085
2,1578491331,104.51931255950785,30.54450423928624
7,1578492700,104.84965551574865,30.272459839104236
5,1578493187,104.26188035815531,30.147159837984113
1,1578491056,104.2698830621569,30.05339703938166
1,1578493649,104.03627944769535,30.46879400250627
1,1578491732,104.29834240132416,30.84373806704331
20,1578490703,104.80653169793717,30.54664081275479
2,1578490972,104.89943890106606,30.642075406726043
8,1578492285,104.64276871524213,30.6271745153039
13,1578490971,104.92056716251508,30.894846047088684
11,1578491586,104.22774704653006,30.024602575077026
17,1578492032,104.19209891143014,30.107352889512857
10,1578491817,104.73917066135986,30.388341691218763
1,1578493461,104.70267551639304,30.575015252413905
12,1578491741,104.54241946324987,30.70302419167201
1,1578493643,104.93133406840754,30.561042976067895
16,1578490941,104.40178314725435,30.0288791598777
10,1578492951,104.56108259924207,30.93902671588523
17,1578492954,104.30338759229745,30.07989072107228
10,1578493489,104.20434524387422,30.748669879293537
1,1578493725,104.2400802460209,30.011281424913015
18,1578493406,104.4148078274207,30.082793266544083
13,1578490670,104.03732016472254,30.532558221032808
3,1578491302,104.46028303981622,30.433541081778856
4,1578493330,104.51236761262363,30.903229272068057
7,1578491510,104.59925265877074,30.6766017633907
13,1578493968,104.53748713234218,30.544821853245
5,1578493308,104.00446293187152,30.516444609836952
4,1578491622,104.18902257074362,30.876280797647862
14,1578493518,104.28459036316828,30.461192928159527
15,1578491719,104.66184219163509,30.37826726329634
4,1578491443,104.63045266089273,30.876751266245964
17,1578493002,104.44101806433048,30.362915518411686
12,1578491735,104.69903706690174,30.715044350647386
5,1578490628,104.54602642044347,30.26039208526044
18,1578492639,104.56121942662574,30.572605364352803
1,1578491780,104.43439697099491,30.890850350938393
2,1578493334,104.74202452818032,30.81435091872837
3,1578493355,104.58843505851938,30.050771005649715
6,1578494064,104.74463353819995,30.344654026050527
18,1578493580,104.57368305277033,30.266234958793945
20,1578493368,104.2274568387555,30.233001794989697
13,1578492739,104.9132283306856,30.43933404961707
7,1578493132,104.69808345655645,30.431004394639714
9,1578491329,104.89513370933342,30.68978103689182
1,1578492636,104.84105655490775,30.542201477235448
8,1578492279,104.8539787844976,30.094948841505406
3,1578491346,104.54961793102173,30.384349893242298
15,1578493308,104.91276952559569,30.31860750210335
11,1578491239,104.93674248159272,30.253203080120784
3,1578493346,104.46646887579013,30.587683174191536
3,1578492007,104.40732094360203,30.057132294560837
7,1578492018,104.536478511609,30.121279788687552
12,1578492895,104.7783253017513,30.24220220556382
17,1578491762,104.54097728358738,30.127172267837384
5,1578491696,104.61993326192442,30.40380482282661
5,1578494032,104.88370264554607,30.40388737263792
8,1578493637,104.33192077538905,30.15562768806812
5,1578491798,104.6342280669067,30.67195510717147
13,1578492610,104.06450366081776,30.60284504000627
9,1578491115,104.00185927677164,30.343249044958743
15,1578492613,104.48786387175153,30.649880213905345
6,1578492643,104.50230863362641,30.024817397628233
13,1578492006,104.30069391811188,30.83995833527233
4,1578493651,104.34197756036018,30.638413999732254
17,1578493021,104.71434396088809,30.09111607442042
15,1578492130,104.97642045532348,30.47792604398873
16,1578493469,104.1093888434904,30.862748572240942
5,1578492990,104.20497584889227,30.764104109930123
8,1578491601,104.16290909987849,30.09994655666512
5,1578493957,104.47943730772575,30.666676111146995
10,1578490577,104.42254707453418,30.67579109803964
3,1578491971,104.78305379570025,30.939174308766383
20,1578493676,104.37678886286695,30.688148144014672
18,1578491604,104.6997485705263,30.629612437935247
1,1578492904,104.20794430566139,30.367674987932293
4,1578493813,104.71585218573698,30.23204613711882
8,1578492416,104.8767382741553,30.85916896502218
5,1578491808,104.00633521349882,30.09313896922463
19,1578491557,104.25276626042825,30.114475692804067
1,1578492177,104.73857829212317,30.621711025943018
8,1578490911,104.83402698394538,30.511941195629284
3,1578492037,104.84654441330673,30.922570758250288
8,1578491961,104.67651134262192,30.093441138251762
20,1578491877,104.88063185418237,30.60229826449581
15,1578490600,104.40445157286626,30.965560469788723
1,1578492386,104.43778415612076,30.87949253475621
9,1578492999,104.24229753274406,30.40824544287128
5,1578492599,104.11575848723807,30.08263330415802
2,1578492861,104.83198731812958,30.152492785121325
15,1578490844,104.92825383016259,30.38575316817706
20,1578492432,104.98155261848686,30.102513494908393
1,1578491933,104.51426099447599,30.355728158293616
11,1578493366,104.89499737281814,30.921339693209447
1,1578491209,104.97192313556012,30.530513681209094
2,1578493880,104.4286707383968,30.85811592865736
15,1578492432,104.45315054590215,30.36003157079843
6,1578490782,104.31012489173577,30.797237110732524
10,1578490834,104.95436026279086,30.95884809843097
18,1578490728,104.8870909505675,30.983813817945965
11,1578493565,104.09356205138735,30.567852211510992
1,1578493115,104.68893389453112,30.694666130674854
10,1578492997,104.0546020895767,30.236574022438116
4,1578494128,104.89501021675882,30.288604231881866
5,1578491453,104.08025115968246,30.81907179214612
2,1578494058,104.06813051195044,30.091049150831044
9,1578491953,104.21597950564897,30.741856829138456
15,1578493460,104.01929377226901,30.889670969910465
14,1578491856,104.88007764430111,30.369716328871856
20,1578494018,104.64493087051103,30.257916230678454
4,1578491084,104.6801209918463,30.294904891751358
4,1578492160,104.91575540426713,30.761776563875863
8,1578493343,104.15704895770946,30.917111042142718
14,1578493924,104.45604840309088,30.377546080137762
10,1578494129,104.40974815712376,30.61175707679039
17,1578491186,104.76416181579782,30.490885626189083
11,1578493020,104.74600714891191,30.415063244558276
11,1578493014,104.28167706941579,30.658418442524077
3,1578493080,104.39190450751796,30.3392627390612
13,1578491662,104.85033368604199,30.70161074107939
2,1578493774,104.0506296733125,30.33213082889815
5,1578493841,104.19088668089543,30.275458113351892
3,1578490657,104.80088230347988,30.038832291283065
2,1578490958,104.74282880712664,30.6535584904935
1,1578490816,104.0554645122465,30.711026859151353
2,1578492249,104.22182053130406,30.270848808465303
15,1578490681,104.69853906116664,30.90089225014795
14,1578491096,104.16836501973386,30.654174850288317
11,1578493666,104.17774427426289,30.572534353385183
16,1578492543,104.00072188457229,30.37292160784281
2,1578493350,104.87802917266137,30.191996624405956
18,1578493383,104.09988978426927,30.14629835477135
3,1578493358,104.56828164853883,30.93650288675387
7,1578490611,104.45061343529927,30.84048080882621
7,1578494045,104.62068743566627,30.913127716194236
9,1578493236,104.73094418533975,30.737179237040948
3,1578491900,104.36857296009576,30.608709560500778
11,1578493285,104.90546151960109,30.53067624182601
17,1578493935,104.10326711911462,30.231567938111958
19,1578492317,104.96509897899166,30.3335502418782
16,1578491214,104.2847169864332,30.22261152038847
12,1578490931,104.27822047226665,30.078940262666492
1,1578492529,104.46794199641712,30.83665702048182
1,1578492994,104.39079281176159,30.28552848192125
5,1578492605,104.13961754050425,30.446488043467735
4,1578492869,104.53773945694803,30.524034631522422
10,1578491859,104.20067694355991,30.80921167994631
18,1578491885,104.75023887597258,30.709890753917946
18,1578493862,104.70322330106275,30.783832139482218
16,1578493125,104.99983673823853,30.627118864108244
20,1578491627,104.30845769670928,30.70304943702451
5,1578491075,104.62646839900908,30.45676860531961
3,1578492414,104.45872051540232,30.571305402413664
13,1578491186,104.40519766213555,30.877331143725403
17,1578493122,104.63085954091927,30.941436949725244
18,1578491759,104.07293229559069,30.892307323136382
8,1578491047,104.01743509067988,30.517937987981153
8,1578491297,104.22187649649332,30.936780166950086
7,1578492822,104.45220586316346,30.093327229863938
19,1578491321,104.43313286957314,30.66324836466815
12,1578491538,104.6679742806864,30.03502750125436
14,1578491850,104.85923033880242,30.401035776987943
9,1578491203,104.73897235167743,30.51858652025109
17,1578492019,104.31713500235035,30.147302145697896
15,1578491964,104.32808746428927,30.5716548773212
3,1578490715,104.72880548935875,30.598695266004235
1,1578493685,104.68519441430243,30.483001142443236
5,1578493649,104.50268327267104,30.310146796233674
9,1578491890,104.19374971553297,30.947259231951623
5,1578493613,104.77061217232149,30.271399400495582
14,1578494023,104.30294136125146,30.10096845211437
9,1578491885,104.14961251681017,30.62812196969491
20,1578493488,104.77694903830523,30.600903045320173
16,1578492287,104.71861784853908,30.00796190052009
2,1578491173,104.1167182061085,30.732174182637667
16,1578493902,104.45912773628835,30.393791449403395
9,1578491339,104.48591645593955,30.565074637743454
7,1578491839,104.61241573207661,30.034807621241264
10,1578491669,104.21467877752526,30.288102681500682
13,1578493546,104.5238785045247,30.06680626921175
1,1578491822,104.65389627881925,30.15775823105795
3,1578492005,104.15946736636232,30.072327870118848
15,1578490875,104.6404387826312,30.54841875040892
9,1578492427,104.58094589344735,30.637124033682003
1,1578492451,104.12034266920774,30.62582728658562
1,1578490949,104.68751361004597,30.38551967309823
3,1578492449,104.64489863139515,30.46131410685888
14,1578491147,104.76484191812837,30.63663153503355
15,1578491906,104.64719628332655,30.837057156089596
5,1578492661,104.3085029557842,30.99218925892359
5,1578491414,104.97699753941407,30.696042400091194
3,1578492275,104.87810054380668,30.75995728242578
4,1578491496,104.41807670154977,30.21145598048333
6,1578492784,104.64043781028126,30.407602248320806
10,1578493704,104.09139345868584,30.136037211596456
17,1578490602,104.14124274470178,30.790448820833902
10,1578493664,104.46912622339158,30.925326126466555
16,1578493077,104.11640247060137,30.967998053642408
14,1578491022,104.11550450978024,30.298554616765305
12,1578492681,104.48038147980144,30.121189342352693
14,1578491075,104.55180443335456,30.112400335140734
10,1578492058,104.47230665559691,30.46598350773823
19,1578491441,104.89953696909097,30.516614574084816
7,1578493836,104.12430394431476,30.206411954586258
5,1578492449,104.84729792569858,30.65971629114183
11,1578491674,104.62545264726033,30.799855823321916
15,1578492492,104.61608909766875,30.291108322260165
11,1578491385,104.65293471242838,30.36665880301839
20,1578490718,104.7885426706795,30.812353420935377
11,1578492831,104.75758097560585,30.950179965996114
6,1578491592,104.24054725578533,30.047764590030695
4,1578492354,104.28337311729958,30.191911208366136
10,1578491667,104.53529053314304,30.08978086346558
20,1578493201,104.00807717665087,30.40768841900628
17,1578492113,104.780177011376,30.476409159570434
17,1578490654,104.09277648240528,30.099158557735834
17,1578491676,104.61180980914247,30.863610977868912
10,1578493527,104.95410040227476,30.103995621744676
6,1578493195,104.08670257661417,30.03207373012595
12,1578492541,104.5174986001154,30.968423930869317
7,1578492530,104.42193161405682,30.118316331461997
3,1578492639,104.89876262082821,30.100724748523096
8,1578491443,104.94168890999761,30.847408071587164
15,1578493227,104.50427158762339,30.228531630856455
1,1578492344,104.14669649581789,30.5967108184886
10,1578490880,104.28830618987898,30.40511556191705
20,1578493317,104.27233313657977,30.66233927818565
16,1578493754,104.24239025752138,30.641149018825665
2,1578493110,104.98338505940836,30.426911886584836
5,1578490637,104.5282806215911,30.207083604425986
6,1578491627,104.77312233565029,30.652823965320298
19,1578494029,104.61839342158143,30.54510526875795
18,1578492423,104.72849918567306,30.774320483281468
5,1578491993,104.69531854035031,30.842024481420797
5,1578493641,104.36505201665337,30.32394840570675
4,1578491948,104.94419270408079,30.78953018939898
7,1578493659,104.85987088308234,30.51021807894864
18,1578490739,104.83388512478524,30.96472063323486
1,1578493836,104.62979480211112,30.731890304055863
1,1578491120,104.5074093273289,30.566642303010617
7,1578493330,104.7319069752804,30.285791263615202
8,1578492623,104.10757691398098,30.401582283303927
17,1578492057,104.54280362587403,30.830501017500257
18,1578494130,104.56926454457445,30.215173263595037
19,1578491322,104.7990988569041,30.63557560043188
14,1578493749,104.9197262794334,30.877364485156235
18,1578493351,104.51341709676016,30.7102967996239
13,1578494004,104.55831706839945,30.689420906754005
1,1578490732,104.31618016754852,30.679517791660388
7,1578492758,104.03403480787206,30.880795937959192
9,1578492639,104.21365636390193,30.19141628851479
9,1578492738,104.52442829689265,30.180266069871063
17,1578492623,104.66567551612863,30.393106157200858
6,1578491121,104.18847302077526,30.929077188255384
20,1578492384,104.54961513395533,30.39548300548789
4,1578492336,104.30424751649134,30.57418620720953
8,1578491294,104.70647166181246,30.085451221326306
13,1578493914,104.11997287724903,30.451107125906972
13,1578492501,104.63553377439037,30.4586400466157
19,1578493408,104.46109187927854,30.71516635011368
4,1578493411,104.23908831849761,30.702469908995596
17,1578492224,104.09152345053367,30.37455603795462
20,1578491901,104.39513923293117,30.741186397635776
16,1578494080,104.45621022610783,30.00668563160689
12,1578492717,104.89452630999162,30.82652934135201
13,1578494090,104.00600143786424,30.544099976102967
17,1578494065,104.30183824566336,30.06497205759473
2,1578493121,104.73230531474422,30.76296728031541
14,1578492467,104.41751176830203,30.449882665885895
15,1578492069,104.23732912805943,30.865221387483732
13,1578491413,104.86532626108709,30.00419730713324
18,1578493043,104.14552668359148,30.770942678388863
8,1578494028,104.38383019889226,30.327990672828154
19,1578492046,104.25765588034037,30.83126882125529
9,1578494046,104.26338458954392,30.284989430237303
13,1578492700,104.80639147593645,30.165477542881614
11,1578491946,104.78639698774519,30.30315538858263
19,1578493177,104.23147646088528,30.00833131188395
20,1578492938,104.10580583008624,30.448583583662035
9,1578493815,104.47466113795726,30.76280737413583
17,1578491816,104.70165104065744,30.89032373026072
4,1578493988,104.77369950011659,30.980589348238762
9,1578493431,104.44441497375838,30.83187464895148
17,1578492502,104.59800270226567,30.248720009676877
2,1578491627,104.5719002780255,30.261550263710898
20,1578491553,104.78793925467563,30.033777609329785
12,1578491592,104.18184747018947,30.96417413071836
19,1578492111,104.80282552083234,30.096151856241978
14,1578491260,104.19837888848554,30.60500788278095
15,1578493141,104.83968813979932,30.091841165852298
13,1578491418,104.90156719915915,30.993987797279445
13,1578491115,104.77857919008247,30.55189516472117
4,1578490809,104.4244794324884,30.480695944853473
15,1578493546,104.03524821478705,30.81759730759841
17,1578490952,104.38800781539292,30.08066993756846
19,1578494097,104.42429795994528,30.934611987681443
17,1578492458,104.18806327047531,30.24419717105706
17,1578491624,104.77612391370282,30.35747728616662
17,1578491609,104.36569747670883,30.744954961129817
17,1578490777,104.74250730582416,30.106287052612647
15,1578490930,104.37303134325579,30.2474531529579
10,1578493503,104.73724480486598,30.414567379650432
13,1578493590,104.4140562780688,30.07542482924523
4,1578494063,104.14711617628375,30.795730584367938
2,1578490621,104.3898138283749,30.944518683308146
19,1578491887,104.95465271184135,30.619171710155115
13,1578492357,104.32084540302854,30.702476523309727
3,1578491879,104.48453822861849,30.87208978909656
13,1578490586,104.78465598825696,30.76804500534178
13,1578491412,104.72736788119497,30.5506912574848
8,1578490659,104.25648202467657,30.43116029978231
4,1578493608,104.198929946488,30.407920925980306
20,1578491122,104.7294767094345,30.178228348663364
10,1578492520,104.75152723564067,30.51124138735339
1,1578493424,104.30204978400333,30.529483111924467
16,1578491843,104.98505520454742,30.40931801229175
18,1578493964,104.42093329425583,30.374753356234212
16,1578493329,104.57481310640031,30.81701060217593
10,1578491892,104.13453010385527,30.618415371618905
9,1578490633,104.51167637995297,30.76797022035914
10,1578492248,104.04451003723202,30.490649640011732
7,1578491080,104.0436637740408,30.867395314010633
11,1578493145,104.12986399838749,30.7164903002287
11,1578493930,104.52899004646198,30.1451192735224
10,1578491253,104.48761377322836,30.254915365974664
9,1578491627,104.47351541328237,30.308782339026905
16,1578491511,104.43712247980292,30.973097911192426
13,1578493951,104.8385902202362,30.357846806397824
1,1578493057,104.57908921780512,30.764796704273376
7,1578492570,104.93239883810483,30.496774880884626
4,1578491977,104.8565308205205,30.285522415055723
18,1578493293,104.0735584007842,30.67074245976362
1,1578493383,104.35078816783377,30.354668190000886
13,1578493407,104.9079883172231,30.644482484080978
11,1578493314,104.19760328987638,30.5947302637194
2,1578491239,104.5062991540185,30.164569177190486
1,1578490886,104.0888233964448,30.949696865656627
4,1578493439,104.43915084383035,30.31956256381
15,1578491938,104.7569647033878,30.609461967714083
12,1578492085,104.84186102139705,30.49671760652904
7,1578491676,104.03931354781407,30.493464693016673
15,1578491843,104.4100486017422,30.390840383184397
4,1578492941,104.20978938337069,30.85907794266784
4,1578493838,104.07545912461276,30.608933333232592
12,1578493456,104.85041607217109,30.159214424823006
4,1578490565,104.11929360198614,30.50427527934798
2,1578491563,104.99373606195404,30.22430183684179
15,1578491354,104.36893646706648,30.240256136185117
17,1578493085,104.9385371446099,30.05273113378538
7,1578491097,104.00771909678267,30.41633235004448
1,1578490787,104.6234515619289,30.089538784303407
13,1578491452,104.38609323495979,30.26675169396559
18,1578490985,104.17402822631482,30.880821026669654
2,1578490902,104.22200057526219,30.874675150389354
13,1578491535,104.98165382633226,30.320640440213417
12,1578491866,104.05846391473659,30.28765721216091
1,1578492636,104.83893442461371,30.49526829000808
3,1578492211,104.23011017567815,30.335855306073327
20,1578493909,104.03198854636123,30.315197912182583
15,1578493638,104.86640083017795,30.644905698351877
11,1578492832,104.62877044574412,30.402502952268957
7,1578492468,104.20898641202251,30.089954691968256
13,1578491921,104.35844734530224,30.254708897510756
14,1578490554,104.38154296897982,30.600178538506654
16,1578491193,104.19575600246458,30.26757708960292
13,1578492282,104.90225585497785,30.48123678040784
2,1578491277,104.66686488580244,30.9908453434845
2,1578493628,104.75715060760584,30.332863738675115
20,1578492498,104.09409274404176,30.49637457883984
14,1578493691,104.00579931527109,30.48267935313257
9,1578491403,104.90981021704197,30.42767989913301
6,1578493468,104.78582298237573,30.09862137269838
2,1578492397,104.75153933099494,30.605007718405986
3,1578493580,104.53949675016925,30.89826906226989
16,1578493450,104.70507720706456,30.755293078383566
4,1578491510,104.06331774244552,30.179082891906024
18,1578492540,104.14541877188357,30.067959262209243
20,1578491093,104.08352809684689,30.78274103212959
12,1578490933,104.27990606968335,30.275712596448024
13,1578492796,104.89291412044966,30.0995450093454
6,1578492839,104.14003088053059,30.445193265650012
7,1578492624,104.44904314323858,30.1164037718194
8,1578493174,104.79865491315881,30.521842595110627
13,1578492473,104.7280962374807,30.30150995529686
18,1578493499,104.13408564927255,30.901142259626308
8,1578491107,104.91611754136055,30.74709622316179
20,1578491635,104.0177381537194,30.38125090674164
13,1578492308,104.18135271650699,30.02326021721007
6,1578491358,104.47947132534156,30.879200365767705
16,1578492032,104.05191384203644,30.281339502750114
4,1578490886,104.43639205540427,30.074027899886136
14,1578490780,104.29602602653033,30.817077669779092
14,1578493815,104.96726772562576,30.008675115859685
10,1578491750,104.07625234380268,30.57521481723811
13,1578491450,104.25118092613623,30.178599433652003
9,1578494066,104.46195010497689,30.54480230037341
4,1578490895,104.83841246710298,30.331848569121473
20,1578491977,104.44649276532529,30.82822229107022
11,1578492462,104.68076553318708,30.839706769806472
16,1578493165,104.99447790893811,30.016793854016676
10,1578491222,104.66093258923807,30.865634668047278
17,1578492940,104.89821327122193,30.351132082886295
13,1578493216,104.6804247228627,30.214061889816023
18,1578490631,104.63866481414664,30.678674274600176
2,1578491693,104.50921139188708,30.69085605273381
18,1578492342,104.25396668809702,30.855197567551304
19,1578493005,104.28547537297396,30.454808557470223
7,1578491550,104.80559302791764,30.829687837059538
11,1578493160,104.53683877188693,30.412795539486694
14,1578494047,104.05806996754701,30.219826636808865
6,1578491757,104.2511634563074,30.732608735888093
3,1578491858,104.20491423530748,30.29052911762113
1,1578492284,104.86029708552701,30.528033603545726
2,1578492169,104.32419922493284,30.71229238504962
11,1578490867,104.3147526978667,30.14191400250476
12,1578490673,104.204516965522,30.20228497114843
3,1578493610,104.69546303511889,30.848239748732055
16,1578492663,104.80496125358817,30.650674626032867
14,1578491870,104.39309579047804,30.261369150554557
2,1578491291,104.11567267054095,30.94664614050817
13,1578491353,104.05395034831533,30.301663744780875
20,1578493331,104.25387850101136,30.040781117405846
16,1578491056,104.04694790126352,30.14874798305672
2,1578492371,104.48877961411654,30.793582394610496
17,1578493403,104.27810221897158,30.595781420823773
7,1578491413,104.47111390826686,30.54918283668997
13,1578492818,104.07875069271294,30.896719439787905
3,1578492276,104.19909527499429,30.357461940417743
6,1578493967,104.20693640667069,30.287504691399377
13,1578493223,104.31927877045915,30.37140864334156
9,1578491419,104.26744026962128,30.103786983848295
10,1578493212,104.66111930227603,30.104109976115254
3,1578493016,104.18753602391773,30.469541218356643
17,1578491919,104.47583844791718,30.779577800653893
16,1578493638,104.58234751947082,30.260414448882386
15,1578491292,104.30001983381752,30.542314854551147
5,1578491805,104.89703485841082,30.455126863351012
15,1578491624,104.21038927585779,30.324235563011545
16,1578491452,104.83158487558472,30.287925415446573
11,1578490586,104.94959263046242,30.729905482545963
14,1578493241,104.52251417273509,30.23697534012817
20,1578491065,104.75487282388248,30.49267715391068
16,1578493533,104.89974432444924,30.632255571799707
19,1578493585,104.1245299682042,30.532676165112065
17,1578493022,104.88937459236092,30.445442165349544
17,1578490546,104.80329177370889,30.20642776666332
11,1578491620,104.94021511903891,30.83802842217243
5,1578490948,104.27612591411693,30.12760141722284
16,1578490541,104.36890284410846,30.912207739937443
1,1578492625,104.55727138334544,30.122422929562717
9,1578492359,104.50894865535886,30.6638188059473
12,1578493048,104.6929475055057,30.282201089927796
3,1578491057,104.29535319058948,30.865184940021805
8,1578492451,104.92722461816982,30.127938798949334
12,1578493152,104.06325379735225,30.455498881277702
9,1578491945,104.9819096004604,30.221504190462277
5,1578491231,104.78602512623915,30.48257898677024
2,1578492383,104.061037119699,30.861246997401697
4,1578491826,104.4148277431313,30.570280844714173
1,1578491610,104.38260539021272,30.684235522571708
12,1578492620,104.92664897847868,30.12039924875214
18,1578493116,104.15409335207521,30.377325874593147
12,1578491832,104.53773650119429,30.705517252810324
10,1578491692,104.30228299307149,30.388669538042066
6,1578493315,104.64329239157846,30.068141107837135
3,1578492122,104.78497481818226,30.89840100725699
10,1578492497,104.93321110454937,30.177057995778824
20,1578491780,104.8676769635719,30.125231831661655
3,1578492029,104.31157394214239,30.4225476334862
7,1578493132,104.68599180399859,30.463978131630135
20,1578493738,104.22540652159566,30.842800635778705
9,1578491846,104.52914086193508,30.78148780025546
6,1578491264,104.7007937717151,30.164994366745272
4,1578493532,104.02225315638108,30.384623834090462
2,1578493322,104.20095569855447,30.43539458210029
18,1578491479,104.95694379852603,30.971137575413767
12,1578491809,104.77951307695855,30.626010110550766
13,1578491360,104.95003088972794,30.507519404888424
19,1578492400,104.69559903995518,30.563419020796946
1,1578491636,104.15494168280262,30.047113510734672
14,1578491526,104.3756273732492,30.97848676629954
13,1578492760,104.80159525953397,30.956086967941093
1,1578492816,104.57920324634559,30.14111340948649
13,1578491235,104.07445530720106,30.257841016221963
18,1578492345,104.47806736259548,30.831997273128238
19,1578493206,104.97517010439206,30.58919294436157
20,1578492149,104.2326445867093,30.42514820500131
5,1578493589,104.3954283104327,30.92141107178022
10,1578492362,104.12458326245836,30.320610220822555
13,1578491724,104.6578465911202,30.916752342554055
12,1578490813,104.35421150433316,30.54150505438545
5,1578491818,104.03321051331419,30.378888881348985
11,1578493968,104.40491919391563,30.41559743911294
17,1578491476,104.36453843947771,30.431887613766577
5,1578491017,104.73004544095973,30.72343149269526
10,1578490805,104.99693012732173,30.56452332166988
16,1578491937,104.43967933575367,30.88147092298978
16,1578493242,104.695649782986,30.92460576317384
19,1578491191,104.50929345584596,30.44444182953046
13,1578491372,104.14121999027132,30.797471458745754
1,1578492070,104.19021311756882,30.329952314763833
8,1578491836,104.32636821998416,30.693430947006743
4,1578491370,104.75780205313406,30.078639472699926
3,1578493516,104.56171718321417,30.119909302879904
4,1578491180,104.5076060762334,30.912704232383515
14,1578493451,104.28460377955514,30.2631812184266
11,1578493093,104.2065712735351,30.232330784379187
18,1578493221,104.68269369789316,30.381452455151027
10,1578493317,104.3473211055033,30.94341997677135
15,1578491231,104.33158577976505,30.259265647687947
1,1578491906,104.64518245007388,30.7095762618945
15,1578493240,104.08346325821725,30.13367751929005
7,1578490787,104.32694964073772,30.231870210512742
1,1578490931,104.5587833750366,30.465875234303578
19,1578493698,104.52684122251958,30.864613668459086
15,1578493896,104.99612621824646,30.16979771579796
7,1578493762,104.6648670320015,30.89858031532299
13,1578491357,104.18669988470032,30.417869500073337
4,1578492177,104.45239610605348,30.44393920453725
8,1578490637,104.52337185814078,30.990791186438084
4,1578493511,104.24653213182492,30.083689903404434
8,1578493205,104.26425721547525,30.375692002544355
8,1578492355,104.61567248294709,30.664932304415125
2,1578493402,104.3061353156957,30.193691475937683
10,1578492121,104.874462093357,30.87686932583802
11,1578492624,104.08568084974787,30.467595110375637
4,1578493150,104.20870501274173,30.805573626030103
15,1578491987,104.42674413953378,30.8977638583021
1,1578492386,104.91883481919994,30.34991107450172
8,1578491688,104.29921562798282,30.377375928604877
13,1578494092,104.62486831771791,30.285189441526903
15,1578494009,104.454490132425,30.711014577332634
8,1578491269,104.65884408598531,30.265568923330882
17,1578491708,104.96666494420037,30.665064800491677
3,1578491364,104.28598646591874,30.288918470374366
10,1578490665,104.12092020524885,30.967113008823684
18,1578491067,104.35374345085793,30.07185495922466
2,1578490816,104.38166846865913,30.66238322546533
13,1578492571,104.9137624163923,30.84641006267022
3,1578492583,104.94308838765541,30.993883990023818
4,1578492970,104.47856948826256,30.054750604434894
3,1578491616,104.40021002500292,30.331289746966604
7,1578492700,104.2052766592241,30.329758557107507
5,1578493238,104.53476620324507,30.984571316687564
18,1578493433,104.26472638445789,30.30715528723656
3,1578492932,104.97469415288141,30.138260079204446
19,1578492764,104.43513572318764,30.66734249072626
15,1578492678,104.69974886993253,30.27222939239452
10,1578492989,104.4860099958471,30.517175966572882
6,1578491400,104.09198705176657,30.20541736249857
19,1578491163,104.2445657056654,30.468377986624827
5,1578492803,104.5018336330096,30.44932526054571
6,1578491801,104.15157251778557,30.201406562472734
15,1578492178,104.80840106894009,30.4474675326684
11,1578492708,104.63119005121403,30.58903514835067
7,1578492763,104.31656847994364,30.953807646073606
20,1578491119,104.99632084682906,30.07288213833809
16,1578491511,104.57146946131343,30.373058432917922
7,1578491081,104.66203402946302,30.12093530783998
15,1578491055,104.0942118531795,30.238414995828286
2,1578491455,104.54647964731738,30.68165053139888
4,1578492092,104.59300486300039,30.391654523065668
5,1578490658,104.04622052125258,30.59945302632567
10,1578492322,104.68194206675457,30.935085323491297
18,1578492741,104.21553278283602,30.299388280974792
20,1578490789,104.49334973203968,30.74449840257468
16,1578491057,104.18235371605685,30.865778138559143
12,1578491779,104.29940969431222,30.181148489954627
19,1578492846,104.63324818677036,30.289723152825005
13,1578491379,104.74488933396941,30.568688947924777
4,1578490702,104.7313422318492,30.363500591098543
16,1578492573,104.19028346954404,30.109345172473216
13,1578492542,104.8288239924691,30.284884873623533
9,1578493202,104.0987210415795,30.3633995786447
15,1578493598,104.31516315358014,30.861448903881215
2,1578494000,104.79792259756276,30.564819630271813
8,1578492591,104.48113616357803,30.08771713301394
15,1578493906,104.56240330065505,30.422098369545697
7,1578492639,104.11331053409036,30.325905352473765
4,1578491061,104.23164701839782,30.293763405816506
10,1578492729,104.70893259880422,30.45364276729175
6,1578492238,104.99126721336295,30.91933947628217
9,1578491022,104.92594224321637,30.337527887796174
13,1578492329,104.67593280032642,30.12129730387978
11,1578491542,104.9540763386875,30.0821557197928
1,1578493804,104.99801871504911,30.15751845772549
15,1578491493,104.39157942290872,30.657267241178836
10,1578493869,104.19239816387059,30.014288280395586
12,1578493187,104.28444071699784,30.394991053956748
12,1578493303,104.78455430645221,30.310792904199417
7,1578492642,104.45575555739748,30.64234247269618
3,1578490647,104.89124197314935,30.179778748929323
3,1578493497,104.90751124337056,30.279823431061324
3,1578493046,104.80267530347402,30.188245454455647
14,1578492851,104.41298223772877,30.258580839158306
15,1578491138,104.76394839862276,30.11859451933824
10,1578491679,104.00319176881774,30.475907774234305
12,1578490949,104.66707762211912,30.586935488835934
13,1578491406,104.01341300069996,30.790970612632563
9,1578492629,104.52727390507614,30.036867557169106
12,1578493885,104.03082115846587,30.51974218818906
3,1578492968,104.15779199235455,30.200219747756407
20,1578491616,104.4324111572207,30.026653076122965
13,1578491157,104.22512989419441,30.406065745295113
18,1578493012,104.29084727096424,30.191571892775784
11,1578494059,104.57982939766238,30.906152546695647
20,1578492171,104.80509495017809,30.597671580884544
15,1578492038,104.6999928524616,30.501132122882108
3,1578493832,104.52434100812961,30.77350612271219
16,1578490956,104.15341764071913,30.235360042069576
19,1578492899,104.77447001374313,30.882021469472896
6,1578491260,104.25798241452998,30.140868473039035
2,1578493327,104.92540695874592,30.650641453512172
13,1578492617,104.02062887186261,30.534301456030065
20,1578492270,104.46521231567606,30.723004885991664
19,1578492915,104.38293881870504,30.75044741023235
1,1578493135,104.51771999396531,30.98688150285038
1,1578491074,104.8777997348169,30.079359289063518
2,1578490897,104.43487079041483,30.397223263751794
2,1578491487,104.76882782115969,30.67485686258873
13,1578492278,104.48257334924045,30.210500280536333
18,1578493044,104.13520695956235,30.358368254804574
1,1578492744,104.65649547133529,30.85443601168768
17,1578493493,104.27165538409245,30.031397136496274
20,1578493960,104.43495587213326,30.54192841590922
19,1578492199,104.5761001087096,30.88058555249512
19,1578493564,104.48616261121184,30.7574575135741
13,1578491486,104.90906677425639,30.172888743084734
13,1578493860,104.7360207255515,30.450931714247236
1,1578490725,104.32190791193409,30.121440055463385
19,1578493105,104.04969503876289,30.90316544385459
14,1578493950,104.84280331112544,30.653355656492387
6,1578491798,104.86475155713134,30.040882054623683
3,1578492626,104.26253655346692,30.200860916491354
13,1578493085,104.80770893066996,30.258976210369028
20,1578493646,104.67771283391806,30.81603309793069
