1477929936,104.124115,30.671951
1477930281,104.10074,30.62848
1477930443,104.12098,30.65079
1477930535,104.0709,30.667221
1477930850,104.067596,30.568251
1477930979,104.12016,30.62251
1477931418,104.0828,30.66163
1477931441,104.10684,30.63795
1477931630,104.080055,30.659283000000002
1477931667,104.0146,30.630359999999996
1477931765,104.037132,30.718390000000003
1477931778,104.106309,30.681351
1477932208,104.09029,30.649259999999998
1477932208,104.09029,30.649259999999998
1477932367,104.0022,30.6624
1477932389,104.079788,30.523660999999997
1477932562,104.051429,30.706701000000002
1477932778,104.02972,30.6232
1477933390,104.10899,30.68743
1477934274,104.09303299999999,30.645346000000004
1477934650,104.08763,30.63891
1477934933,104.09448,30.65591
1477934949,104.1117,30.646590000000003
1477935904,104.02282,30.6265
1477935989,104.04451999999999,30.67421
1477935989,104.04451999999999,30.67421
1477936837,104.05705999999999,30.691270000000003
1477937310,104.10279799999999,30.7024
1477937694,104.070573,30.710016999999997
1477937749,104.05278,30.76332
1477937940,104.083694,30.647095
1477938135,104.04529000000001,30.71332
1477938334,104.07457,30.67353
1477938795,104.044312,30.548288
1477939515,104.09123199999999,30.66188
1477940303,104.085175,30.649161
1477941012,104.080567,30.643734000000002
1477941313,104.03386,30.679879999999997
1477942809,104.0669,30.6564
1477942946,104.027541,30.631678000000004
1477943263,104.04558,30.700509999999998
1477943543,104.08691,30.63733
1477943543,104.08691,30.63733
1477944786,104.05735,30.693890000000003
1477944840,104.04863,30.65349
1477945676,104.06492,30.7125
1477946565,104.11247,30.715290000000003
1477946952,104.09637,30.698620000000002
1477947958,104.045677,30.620489000000003
1477948250,104.07295,30.67727
1477948909,104.115036,30.701981
1477949128,104.046356,30.693678000000002
1477949251,104.09214,30.648690000000002
1477949439,104.09151,30.7027
1477950000,104.07388,30.65393
1477950427,104.152575,30.632108000000002
1477950427,104.152575,30.632108000000002
1477950541,104.070702,30.657140999999996
1477950565,104.06979,30.74793
1477950565,104.06979,30.74793
1477951382,104.10061,30.69935
1477951539,104.09577,30.6579
1477951580,104.14235699999999,30.682194
1477951696,104.093906,30.695760999999997
1477951816,104.054321,30.722296999999998
1477951912,104.09496,30.61455
1477952416,104.08559,30.6501
1477952667,104.04245999999999,30.69677
1477953500,104.11426,30.680608000000003
1477953694,104.0245,30.6745
1477953736,104.08112,30.67029
1477954716,104.119876,30.602412
1477954780,104.03997,30.58816
1477955285,104.09957,30.714140000000004
1477955343,104.11381999999999,30.59198
1477955356,104.06315,30.70529
1477955383,104.058876,30.686674
1477955680,104.08355,30.607440000000004
1477955865,104.07648,30.688129999999997
1477955874,104.11307,30.626520000000003
1477955986,104.159454,30.742849
1477956272,104.07571999999999,30.67538
1477956318,104.0774,30.66822
1477956523,104.054789,30.712721000000002
1477956592,104.11791,30.625790000000002
1477956653,104.096225,30.688771999999997
1477956656,103.97036,30.613190000000003
1477956656,103.97036,30.613190000000003
1477956823,104.10819000000001,30.68842
1477956834,104.08246,30.66497
1477956840,104.099998,30.670060999999997
1477956848,104.045845,30.691184999999997
1477956848,104.045845,30.691184999999997
1477956856,104.1013,30.637220000000003
1477956951,103.99096,30.6718
1477956951,103.99096,30.6718
1477957026,103.94415,30.76545
1477957029,104.04726,30.708270000000002
1477957031,104.04588000000001,30.689220000000002
1477957296,104.196678,30.5667
1477957465,104.08655,30.67132
1477957550,104.12122,30.65076
1477957788,104.14531,30.62882
1477957892,104.11098,30.66822
1477957937,104.05256999999999,30.6024
1477957943,104.08621,30.689459999999997
1477957943,104.08621,30.689459999999997
1477958005,104.115997,30.652313
1477958005,104.115997,30.652313
1477958081,104.134575,30.662997999999998
1477958081,104.134575,30.662997999999998
1477958234,104.04766,30.65288
1477958234,104.04766,30.65288
1477958450,104.08227,30.641779999999997
1477958458,104.05626,30.66948
1477958484,104.115,30.716009999999997
1477958656,104.11573,30.7001
1477958723,104.07139000000001,30.716309999999996
1477958774,104.05274,30.711349
1477958828,104.0816,30.65855
1477958918,104.108977,30.687676
1477959211,104.0288,30.630190000000002
1477959219,104.1138,30.669359999999998
1477959257,104.06022,30.680559999999996
1477959273,104.11433000000001,30.712320000000002
1477959368,104.0989,30.705920000000003
1477959498,104.08228000000001,30.65628
1477959557,104.06879,30.76186
1477959746,104.12359000000001,30.643390000000004
1477959777,104.045599,30.7055
1477959783,104.16905,30.71547
1477959783,104.11242,30.71528
1477959795,104.12456,30.644759999999998
1477959932,104.05960999999999,30.634990000000002
1477959960,104.11286,30.69922
1477960028,103.89121,30.800359999999998
1477960034,104.06062,30.76091
1477960105,104.12850999999999,30.61872
1477960281,104.07739000000001,30.720034000000002
1477960297,104.09783900000001,30.629361
1477960297,104.09783900000001,30.629361
1477960341,104.11490500000001,30.642046
1477960419,104.11072,30.6574
1477960528,104.03763599999999,30.708862
1477960545,104.08339000000001,30.610681
1477960545,104.08339000000001,30.610681
1477960589,104.11419000000001,30.711190000000002
1477960652,104.14791,30.676909999999996
1477960738,104.07146,30.650470000000002
1477960738,104.07146,30.650470000000002
1477960900,104.081688,30.686611
1477960900,104.081688,30.686611
1477960921,104.081947,30.686562
1477960934,104.11553,30.71495
1477960934,104.11553,30.71495
1477961099,104.05953000000001,30.66892
1477961301,104.0536,30.677540000000004
1477961324,104.09635,30.699379999999998
1477961335,104.0628,30.683590000000002
1477961335,104.0628,30.683590000000002
1477961399,104.104187,30.655860999999998
1477961399,104.104187,30.655860999999998
1477961471,104.08863000000001,30.69088
1477961471,104.08863000000001,30.69088
1477961529,104.10053,30.678040000000003
1477961579,104.020255,30.817208
1477961602,103.97678,30.5897
1477961714,104.066315,30.657381
1477961714,104.066315,30.657381
1477961787,104.02771,30.68683
1477961819,104.07178,30.62288
1477961932,104.10601,30.69029
1477961932,104.10601,30.69029
1477961962,104.04233,30.70658
1477961962,104.04233,30.70658
1477961972,104.07285300000001,30.666719
1477961972,104.07285300000001,30.666719
1477961994,104.10958000000001,30.689490000000003
1477961994,104.10958000000001,30.689490000000003
1477962090,104.07781,30.669959999999996
1477962103,104.01863,30.6976
1477962105,104.10239,30.66015
1477962155,104.05976,30.720779999999998
1477962166,104.05498100000001,30.77018
1477962187,104.04437,30.68579
1477962211,104.1399,30.6388
1477962341,104.06608,30.643440000000002
1477962463,104.05481,30.70399
1477962473,104.16558,30.682470000000002
1477962505,103.94896,30.63379
1477962505,103.94896,30.63379
1477962508,104.098099,30.632259
1477962584,104.070278,30.695127000000003
1477962606,104.08842,30.6651
1477962704,104.11083199999999,30.67185
1477962706,104.0954,30.680320000000002
1477962742,104.04971,30.703509999999998
1477962824,104.11350300000001,30.699257
1477962933,104.11431999999999,30.69919
1477963008,104.04954000000001,30.62963
1477963024,104.0929,30.6408
1477963068,104.07653,30.6777
1477963387,104.05487,30.60329
1477963399,104.050843,30.691321000000002
1477963434,104.09222,30.656809999999997
1477963513,104.071999,30.609739
1477963546,104.06128000000001,30.628
1477963587,104.05412,30.67206
1477963767,103.94749499999999,30.593782
1477963790,104.078194,30.720108000000003
1477963857,104.055962,30.665663000000002
1477963898,104.075897,30.688089
1477963909,104.03925,30.67833
1477963914,104.10704,30.68078
1477963926,104.07968000000001,30.688809999999997
1477963927,104.06534,30.702759999999998
1477964049,104.13024899999999,30.66648
1477964090,104.09121,30.642359999999996
1477964090,104.09121,30.642359999999996
1477964159,104.047256,30.700233
1477964182,104.042686,30.698805
1477964207,104.08295,30.674559999999996
1477964290,104.02525,30.71981
1477964337,104.08232,30.70407
1477964367,104.05761,30.50825
1477964390,104.08963,30.64433
1477964402,104.104218,30.64588
1477964585,103.85065999999999,30.688270000000003
1477964625,104.070595,30.752052000000003
1477964658,104.07405,30.654359999999997
1477964776,104.05306999999999,30.636329999999997
1477964776,104.05306999999999,30.636329999999997
1477964797,104.09464,30.703971000000003
1477964962,104.04005,30.666220000000003
1477964962,104.04005,30.666220000000003
1477965009,104.06369000000001,30.704340000000002
1477965009,104.06369000000001,30.704340000000002
1477965075,104.05196,30.65986
1477965118,104.06815999999999,30.66886
1477965118,104.06815999999999,30.66886
1477965228,104.15418000000001,30.645190000000003
1477965228,104.04979,30.6839
1477965241,104.062569,30.68153
1477965241,104.062569,30.68153
1477965292,104.052696,30.666889
1477965292,104.052696,30.666889
1477965343,104.04966,30.652829999999998
1477965343,104.04966,30.652829999999998
1477965430,104.110741,30.653183000000002
1477965442,104.092125,30.712883
1477965442,104.092125,30.712883
1477965730,104.064301,30.723570000000002
1477965884,104.11975,30.687990000000003
1477965893,104.05345,30.75895
1477966147,104.06053,30.72847
1477966169,104.03354,30.685959999999998
1477966225,104.036192,30.714411
1477966322,103.986198,30.678359999999998
1477966331,104.057721,30.695409
1477966560,104.14905,30.6188
1477966614,104.09973000000001,30.66562
1477966691,104.063085,30.766853
1477966799,104.16411,30.62845
1477966918,104.14668,30.79859
1477967001,104.0712,30.65067
1477967006,104.12507,30.67287
1477967104,104.00144499999999,30.708569
1477967134,104.05175799999999,30.68638
1477967154,104.04378100000001,30.710756
1477967161,104.07411,30.690279999999998
1477967199,104.03833,30.712559000000002
1477967313,104.0571,30.6713
1477967365,104.083945,30.681933
1477967617,104.07851,30.52615
1477967672,104.04706999999999,30.670820000000003
1477967682,104.05218,30.68402
1477967814,104.04765,30.68042
1477967857,104.07764,30.658377
1477967889,104.03334,30.70331
1477967896,104.07218,30.7084
1477967896,104.07218,30.7084
1477967899,104.14685,30.6887
1477967926,104.13854,30.62861
1477967951,103.85895,30.782320000000002
1477968092,104.09265,30.55007
1477968183,104.0415,30.68522
1477968257,104.113411,30.737259
1477968257,104.113411,30.737259
1477968296,104.04946899999999,30.72702
1477968296,104.04946899999999,30.72702
1477968384,104.10028100000001,30.647619
1477968610,104.039803,30.7124
1477968709,104.0463,30.68317
1477968720,104.0578,30.65495
1477968806,104.04046,30.668409999999998
1477969079,104.11729,30.66099
1477969079,104.11729,30.66099
1477969180,104.12311,30.65537
1477969180,104.12311,30.65537
1477969180,104.0692,30.652659999999997
1477969180,104.0692,30.652659999999997
1477969198,104.10959,30.689459999999997
1477969212,104.083221,30.754156
1477969272,104.0861,30.687890999999997
1477969273,104.10604000000001,30.690279999999998
1477969322,104.06272,30.65108
1477969581,104.10322,30.71364
1477969613,104.01346,30.65186
1477969656,104.04887,30.65345
1477969794,104.1246,30.67265
1477969874,104.061638,30.64765
1477969890,104.04065,30.66341
1477970016,104.10746999999999,30.68085
1477970025,103.97008000000001,30.67369
1477970043,104.03269,30.67142
1477970266,104.08977,30.68683
1477970346,104.10275,30.62508
1477970349,104.08672,30.63693
1477970364,104.04929,30.644340000000003
1477970486,104.06246,30.6644
1477970584,104.07212,30.66631
1477970852,104.11645,30.66126
1477970953,104.160676,30.702196999999998
1477971000,104.07399000000001,30.664524
1477971086,104.04299999999999,30.7039
1477971091,104.065247,30.620668
1477971214,104.117336,30.666109999999996
1477971226,104.11891899999999,30.681971
1477971243,104.04144000000001,30.665809999999997
1477971297,104.086639,30.661286999999998
1477971298,104.0702,30.68282
1477971327,104.05603,30.663031
1477971375,104.0258,30.62578
1477971553,104.096703,30.662059999999997
1477971608,104.10329,30.59737
1477971630,104.03067,30.645590000000002
1477971665,104.096075,30.621585999999997
1477971665,104.096075,30.621585999999997
1477971775,104.06416999999999,30.584220000000002
1477971884,104.10854300000001,30.591694
1477971891,104.046806,30.664820000000002
1477971946,104.04068000000001,30.66243
1477971992,104.0428,30.675279999999997
1477971992,104.0428,30.675279999999997
1477972041,104.03711,30.68137
1477972041,104.132072,30.681520000000003
1477972096,104.04279,30.686020000000003
1477972144,103.99599,30.6507
1477972168,104.0781,30.7004
1477972168,104.0781,30.7004
1477972185,104.12029,30.662670000000002
1477972295,104.062218,30.667059000000002
1477972348,104.116325,30.677496
1477972348,104.116325,30.677496
1477972363,104.040788,30.659975
1477972394,104.063377,30.681259000000004
1477972394,104.063377,30.681259000000004
1477972503,104.09445,30.67591
1477972503,104.09445,30.67591
1477972565,104.05859,30.568859999999997
1477972592,104.052994,30.591279999999998
1477972713,104.048386,30.662193
1477972713,104.048386,30.662193
1477972740,104.04505999999999,30.673840000000002
1477972740,104.04505999999999,30.673840000000002
1477972785,104.046539,30.720505
1477972785,104.046539,30.720505
1477972875,104.078636,30.653516999999997
1477973080,104.06688,30.652590000000004
1477973182,104.12619000000001,30.644140000000004
1477973239,103.95172099999999,30.782760999999997
1477973278,104.04188,30.71473
1477973358,104.08005,30.65499
1477973392,104.10382,30.68412
1477973521,104.05065,30.71238
1477973550,104.072777,30.816496
1477973578,104.042938,30.695021
1477973674,104.11522,30.61962
1477973869,104.07122,30.65728
1477973929,104.07285300000001,30.666719
1477974048,104.0623,30.7315
1477974082,104.06931,30.63366
1477974235,104.05414,30.60037
1477974250,104.06653,30.670440000000003
1477974317,104.09316,30.70607
1477974318,104.12841,30.72208
1477974451,104.073593,30.695864
1477974467,104.12420999999999,30.61543
1477974477,104.1113,30.675359999999998
1477974520,104.071938,30.653639000000002
1477974667,104.070079,30.675873
1477974714,104.06424,30.6601
1477974743,104.08225999999999,30.70415
1477974989,104.08225999999999,30.70415
1477974990,104.06599,30.759079999999997
1477975028,104.05869,30.67401
1477975075,104.05506,30.76088
1477975123,104.08142,30.68784
1477975309,104.126734,30.663411
1477975569,104.07641,30.726020000000002
1477975569,104.07641,30.726020000000002
1477975627,104.11577,30.650779999999997
1477975820,104.04311,30.75262
1477976003,104.04155300000001,30.677758
1477976003,104.04155300000001,30.677758
1477976014,104.05502,30.657140000000002
1477976014,104.05502,30.657140000000002
1477976045,104.07054000000001,30.65445
1477976045,104.07054000000001,30.65445
1477976089,104.073697,30.688684999999996
1477976089,104.073697,30.688684999999996
1477976140,104.06481,30.727659999999997
1477976140,104.06481,30.727659999999997
1477976142,104.063446,30.738909000000003
1477976277,104.09563,30.62473
1477976354,104.10509,30.669504999999997
1477976354,104.10509,30.669504999999997
1477976537,104.1129,30.703079
1477976664,104.02334,30.70334
1477976695,104.069733,30.690306
1477976736,104.072289,30.702147999999998
1477976758,104.0734,30.68658
1477976789,104.09799,30.75872
1477976917,104.053741,30.706255
1477977087,103.940247,30.774139
1477977167,104.11198399999999,30.65202
1477977433,104.076302,30.642389
1477977440,104.07513,30.655640000000002
1477977493,104.09042,30.684490000000004
1477977517,104.17259,30.69114
1477977543,103.863235,30.683939000000002
1477977636,104.04769,30.553590000000003
1477977636,104.11908000000001,30.663935
1477977651,104.0172,30.68389
1477977655,104.052086,30.706190000000003
1477977737,104.05065,30.51629
1477977758,104.097723,30.692415000000004
1477977797,104.1345,30.676040000000004
1477977826,104.04965,30.64462
1477977865,104.06019599999999,30.585759999999997
1477977947,104.07840999999999,30.68814
1477978099,104.072299,30.655239
1477978123,103.99364,30.72813
1477978144,104.137054,30.671238
1477978144,104.137054,30.671238
1477978168,104.037665,30.718688
1477978180,104.05103000000001,30.659609999999997
1477978541,104.12026,30.64375
1477978567,104.0475,30.690609999999996
1477978582,104.07323000000001,30.66024
1477978778,104.11061099999999,30.675804
1477978790,104.09897,30.7156
1477978827,104.137474,30.648664
1477978899,104.061386,30.666862
1477979035,104.09656,30.692326
1477979100,104.05381,30.66838
1477979115,104.13729000000001,30.671391999999997
1477979116,104.082882,30.682253999999997
1477979118,104.0818,30.660590000000003
1477979144,104.054024,30.64583
1477979159,104.054873,30.639484999999997
1477979159,104.054873,30.639484999999997
1477979447,104.06569,30.665090000000003
1477979447,104.06569,30.665090000000003
1477979460,104.1353,30.67977
1477979460,104.1353,30.67977
1477979626,104.06134,30.661853999999998
1477979626,104.06134,30.661853999999998
1477979647,104.05976,30.633259999999996
1477979820,104.0268,30.75575
1477979871,104.08861,30.688940000000002
1477979871,104.08861,30.688940000000002
1477979993,104.14109,30.81975
1477980052,104.09472,30.62091
1477980078,104.100662,30.678209000000003
1477980091,104.06993100000001,30.672646000000004
1477980253,104.08539,30.6854
1477980472,104.10311999999999,30.597279999999998
1477980516,104.10687,30.67088
1477980571,104.07332,30.69684
1477980851,103.99435600000001,30.661469
1477980858,104.04972099999999,30.682260999999997
1477980919,103.98579000000001,30.71704
1477980972,104.04534,30.70172
1477981082,104.07653,30.688129999999997
1477981124,103.979478,30.656783
1477981136,104.06204,30.72308
1477981171,104.088531,30.532991
1477981314,104.14003000000001,30.681340000000002
1477981314,104.14003000000001,30.681340000000002
1477981333,103.96804,30.729206
1477981335,104.185349,30.651518
1477981486,104.02726,30.688231
1477981574,104.0434,30.683429999999998
1477981575,104.04981,30.6444
1477981602,104.14294,30.655109999999997
1477981714,103.988509,30.665621
1477981743,104.12864,30.61572
1477981815,104.10332,30.62671
1477981919,104.106018,30.66995
1477981939,104.11291999999999,30.69807
1477982003,104.10064,30.62892
1477982009,104.094729,30.688789
1477982018,104.05501,30.75705
1477982044,104.080399,30.648081
1477982152,104.140399,30.6287
1477982152,104.140399,30.6287
1477982180,103.944572,30.684015000000002
1477982510,104.06812,30.67264
1477982514,103.927299,30.606119
1477982585,104.09459,30.705109999999998
1477982637,104.045486,30.667793
1477982637,104.045486,30.667793
1477982782,104.0714,30.65574
1477982796,104.074524,30.613259999999997
1477982796,104.074524,30.613259999999997
1477982799,104.07405,30.654359999999997
1477982799,104.07405,30.654359999999997
1477982800,104.173897,30.700259999999997
1477982800,104.173897,30.700259999999997
1477982817,104.016,30.6975
1477982855,104.03096,30.7273
1477982855,104.03096,30.7273
1477982859,104.100658,30.602976
1477983054,104.05534,30.71217
1477983054,104.05534,30.71217
1477983110,104.05443000000001,30.69487
1477983124,104.05954,30.67506
1477983180,104.045372,30.7428
1477983180,104.045372,30.7428
1477983222,104.109398,30.65881
1477983222,104.109398,30.65881
1477983366,104.097008,30.662189
1477983366,104.097008,30.662189
1477983418,104.13985,30.68148
1477983492,104.066963,30.654249
1477983503,104.080093,30.692682
1477983503,104.080093,30.692682
1477983573,104.07337,30.6633
1477983573,104.07337,30.6633
1477983604,104.09017,30.67083
1477983639,104.04415,30.65465
1477983762,104.06747,30.65465
1477983820,104.06064599999999,30.674007
1477983865,104.07972,30.6628
1477983960,104.08363299999999,30.687031
1477983980,104.11570999999999,30.70056
1477983988,104.05375,30.674775
1477984143,104.09037,30.678729999999998
1477984180,104.16684000000001,30.627059999999997
1477984211,104.052613,30.559047999999997
1477984301,104.09472,30.679240000000004
1477984322,104.077606,30.714561
1477984399,104.07936,30.669159999999998
1477984507,104.05912,30.69435
1477984528,104.09449000000001,30.660390000000003
1477984588,104.0771,30.69025
1477984647,104.05266999999999,30.684890000000003
1477984891,104.1027,30.712329999999998
1477984918,104.056923,30.671272
1477984998,104.07748000000001,30.674409999999998
1477985110,104.094444,30.711069000000002
1477985172,104.1416,30.58976
1477985199,104.10514,30.679990000000004
1477985237,104.05082,30.65305
1477985266,104.09625,30.691409999999998
1477985285,104.076509,30.267429999999997
1477985321,104.066536,30.654732
1477985407,104.08492,30.694470000000003
1477985445,104.0465,30.692970000000003
1477985538,104.11681,30.65026
1477985579,104.073723,30.688808
1477985585,104.076509,30.767429999999997
1477985586,104.1087,30.639159999999997
1477985671,104.04211,30.62363
1477985706,104.07840999999999,30.68814
1477985706,104.07840999999999,30.68814
1477985714,104.07056,30.65339
1477985746,104.11419000000001,30.746090000000002
1477985786,104.07600000000001,30.7024
1477985809,104.093903,30.702999
1477985845,104.019025,30.702363000000002
1477985845,104.019025,30.702363000000002
1477986004,104.05613000000001,30.671190000000003
1477986125,104.093847,30.64248
1477986134,104.0498,30.70457
1477986201,104.18323000000001,30.65682
1477986578,104.05613000000001,30.66507
1477986702,104.002209,30.667890000000003
1477986986,104.0521,30.66698
1477986986,104.0521,30.66698
1477986999,104.008372,30.657967
1477987102,104.104599,30.63973
1477987110,104.05629,30.66495
1477987110,104.05629,30.66495
1477987120,104.069763,30.710154
1477987120,104.069763,30.710154
1477987134,104.07512,30.66246
1477987134,104.07512,30.66246
1477987317,104.0556,30.67369
1477987382,104.13299,30.617079999999998
1477987389,104.07172,30.67272
1477987450,104.14760600000001,30.662689
1477987466,104.060523,30.654320000000002
1477987515,104.065201,30.639509000000004
1477987515,104.05794,30.67278
1477987777,104.06345999999999,30.6296
1477988065,104.14416999999999,30.6263
1477988160,104.0671,30.551270000000002
1477988253,104.11283,30.66425
1477988264,103.91418,30.568409999999997
1477988280,104.014702,30.637520000000002
1477988616,104.073929,30.665869
1477988649,104.09912,30.634285
1477988857,104.05807,30.77198
1477988916,104.064003,30.669915999999997
1477989050,104.13020300000001,30.713751000000002
1477989139,104.04511,30.651690000000002
1477989216,104.08168,30.65312
1477989308,104.07849,30.688140999999998
1477989427,104.044189,30.668739000000002
1477989448,104.072133,30.614497999999998
1477989448,104.072133,30.614497999999998
1477989453,104.14576,30.649420000000003
1477989564,104.08618,30.6606
1477989587,103.953735,30.631681
1477989717,104.11032900000001,30.732409999999998
1477989756,104.070679,30.654421000000003
1477989756,104.070679,30.654421000000003
1477989772,104.09345,30.688484000000003
1477989840,104.03609,30.622690000000002
1477989869,104.07741999999999,30.664651
1477989869,104.07741999999999,30.664651
1477989921,104.02559000000001,30.69622
1477989982,104.047387,30.710828000000003
1477989997,104.04845,30.6166
1477990095,104.11654200000001,30.622828000000002
1477990123,104.071137,30.690546
1477990123,104.071137,30.690546
1477990126,104.07799,30.66555
1477990160,104.06777,30.67363
1477990172,104.07406,30.654459999999997
1477990172,104.07406,30.654459999999997
1477990242,104.08142600000001,30.652088
1477990499,104.0768,30.6197
1477990747,104.09974,30.657870000000003
1477990747,104.09974,30.657870000000003
1477990826,104.0631,30.66695
1477990872,104.184242,30.573883000000002
1477990928,104.05103000000001,30.70178
1477991007,104.0724,30.61413
1477991071,104.11798,30.73027
1477991082,104.07370999999999,30.643590000000003
1477991118,104.104362,30.711834000000003
1477991138,104.05258,30.65567
1477991223,104.04539,30.724759999999996
1477991226,104.09835,30.658409999999996
1477991259,104.059187,30.67225
1477991283,103.94696,30.647470000000002
1477991359,104.09880799999999,30.648542
1477991430,104.103279,30.713608
1477991731,104.10736999999999,30.67063
1477991800,104.076492,30.657021999999998
1477991809,104.07387,30.69469
1477991831,104.1072,30.657359999999997
1477991857,104.074731,30.670374
1477991890,104.10449,30.631590000000003
1477991973,104.01396,30.692859999999996
1477991976,104.07003,30.6674
1477991985,104.101097,30.681178999999997
1477991990,104.02559000000001,30.69622
1477992067,104.112701,30.716378999999996
1477992178,104.048363,30.707657
1477992505,104.078194,30.703229999999998
1477992578,104.07652,30.67244
1477992590,104.118216,30.761466
1477992622,104.0761,30.68569
1477992669,104.080116,30.65813
1477992774,104.07345,30.69027
1477992790,104.04157,30.714540000000003
1477992801,104.18003,30.6894
1477992858,104.043409,30.67892
1477992966,104.108597,30.721259999999997
1477993050,104.04119,30.75258
1477993147,104.0544,30.69487
1477993154,104.06249,30.663590000000003
1477993214,104.06971999999999,30.600379999999998
1477993307,104.07731899999999,30.615183000000002
1477993307,104.07731899999999,30.615183000000002
1477993381,104.114136,30.689403999999996
1477993580,104.07171,30.67274
1477993632,104.11395,30.662290000000002
1477993663,104.02532,30.69877
1477993669,104.045288,30.693102000000003
1477993858,104.10234100000001,30.701690999999997
1477993858,104.10234100000001,30.701690999999997
1477993895,104.05162,30.66488
1477993984,104.05985,30.650609999999997
1477993984,104.05985,30.650609999999997
1477994081,104.04253,30.704240000000002
1477994105,104.02507800000001,30.692474
1477994220,104.01384,30.67272
1477994226,104.064903,30.702959000000003
1477994226,104.064903,30.702959000000003
1477994294,104.03349,30.55981
1477994346,104.0606,30.65755
1477994346,104.0606,30.65755
1477994492,104.06243,30.67325
1477994493,104.13775600000001,30.67281
1477994531,104.090597,30.722501
1477994551,104.07967,30.75868
1477994595,104.034599,30.719015000000002
1477994687,104.08612,30.648659999999996
1477994818,104.07345,30.688109999999998
1477994908,104.04581999999999,30.714740000000003
1477994923,104.08882,30.658379999999998
1477995021,104.01460300000001,30.68807
1477995241,104.0295,30.60404
1477995244,104.074402,30.689528999999997
1477995435,104.11567,30.69923
1477995537,104.026573,30.702492
1477995543,104.118228,30.722402000000002
1477995821,104.05135,30.68808
1477995954,104.1237,30.79798
1477995974,104.06586,30.70277
1477996039,104.09178,30.667240000000003
1477996255,104.183876,30.65575
1477996255,104.183876,30.65575
1477996447,104.09469,30.712809999999998
1477996464,104.09666,30.706970000000002
1477996516,104.16377,30.68859
1477996552,104.11851300000001,30.715327000000002
1477996594,104.09714100000001,30.703344
1477996644,104.0535,30.677570000000003
1477996654,104.079033,30.652164000000003
1477996661,104.08225999999999,30.70415
1477996775,104.08155,30.66023
1477996841,104.15467,30.63226
1477996841,104.15467,30.63226
1477996853,104.04541,30.742620000000002
1477996873,104.050324,30.759517
1477996874,104.10861700000001,30.684070000000002
1477996874,104.10861700000001,30.684070000000002
1477996902,104.028938,30.730334000000003
1477997042,104.080826,30.656176000000002
1477997079,104.07086899999999,30.655018
1477997079,104.07086899999999,30.655018
1477997109,104.072502,30.657061
1477997162,104.04525,30.7614
1477997391,104.10814,30.685959999999998
1477997391,104.0659,30.649720000000002
1477997391,104.0659,30.649720000000002
1477997426,104.06101,30.721320000000002
1477997426,104.06101,30.721320000000002
1477997640,104.162308,30.703011
1477997663,104.05933,30.676759999999998
1477997663,104.05933,30.676759999999998
1477997833,104.084435,30.681955
1477997833,104.084435,30.681955
1477997924,104.05502,30.6729
1477997924,104.05502,30.6729
1477997956,104.19209599999999,30.729006
1477998046,104.033963,30.704339
1477998071,104.0431,30.67929
1477998320,104.05736,30.764020000000002
1477998374,104.09184,30.70722
1477998386,104.07111,30.71632
1477998420,104.048713,30.68279
1477998433,104.103353,30.712953999999996
1477998543,104.079091,30.668206
1477998627,104.05261999999999,30.775166
1477998631,104.022929,30.681191
1477998642,104.04751,30.70751
1477998657,104.00366,30.676479999999998
1477998736,104.021179,30.667601
1477998782,104.07587,30.7059
1477998868,104.10337,30.68089
1477998897,104.05662,30.644609999999997
1477998914,103.9813,30.644448999999998
1477998943,104.07603,30.653540000000003
1477999037,104.043768,30.71717
1477999142,104.10948,30.62777
1477999202,104.0637,30.64653
1477999247,104.03848,30.68123
1477999433,104.106015,30.719126
1477999452,104.056,30.663145
1477999540,104.03784,30.680509999999998
1477999547,104.0326,30.6248
1477999705,104.0767,30.71623
1477999775,104.05538,30.57528
1477999775,104.05538,30.57528
1477999852,104.11516400000001,30.714994
1477999984,104.1033,30.64767
1478000026,104.07894499999999,30.658077000000002
1478000073,104.04947,30.72382
1478000194,103.930131,30.754873
1478000220,104.048866,30.683228000000003
1478000220,104.11248,30.71527
1478000245,104.079252,30.653508000000002
1478000311,104.10416,30.7155
1478000397,104.03537,30.70518
1478000397,104.03537,30.70518
1478000475,104.030731,30.74382
1478000475,104.030731,30.74382
1478000504,104.08976,30.683000000000003
1478000540,104.05879,30.64664
1478000594,104.02815,30.73007
1478000594,104.02815,30.73007
1478000695,104.06681800000001,30.695521999999997
1478000732,103.989304,30.607313
1478000800,104.00391,30.67036
1478000800,104.00391,30.67036
1478000844,104.06667,30.652590000000004
1478000867,104.05247,30.702609999999996
1478000867,104.05247,30.702609999999996
1478000901,104.08229,30.68262
1478000901,104.08229,30.68262
1478000977,103.9743,30.75125
1478001050,104.031097,30.69521
1478001050,104.031097,30.69521
1478001114,104.0872,30.6772
1478001158,104.073875,30.70216
1478001158,104.073875,30.70216
1478001180,104.055054,30.704140000000002
1478001180,104.055054,30.704140000000002
1478001315,104.0919,30.68429
1478001315,104.0919,30.68429
1478001569,104.069099,30.666490999999997
1478001569,104.069099,30.666490999999997
1478001573,104.10458,30.640279999999997
1478001702,104.04095,30.68399
1478001755,104.07341,30.682171000000004
1478001789,104.01203000000001,30.69675
1478001924,104.12401,30.6571
1478001958,104.05141,30.74382
1478002129,104.06485500000001,30.670157
1478002336,104.09666,30.66834
1478002360,104.043346,30.668543
1478002401,104.06624000000001,30.66923
1478002415,104.107801,30.667184999999996
1478002448,104.041,30.695787
1478002788,104.063927,30.765896
1478002800,104.04905,30.6836
1478002837,104.11006,30.6861
1478002880,104.10399,30.653470000000002
1478002911,104.04883000000001,30.683690000000002
1478002951,104.04531999999999,30.69363
1478002962,104.14044,30.68352
1478002983,104.106018,30.66995
1478003023,104.135563,30.793978000000003
1478003032,104.08205,30.67823
1478003051,104.08728,30.684179999999998
1478003158,104.07054000000001,30.65445
1478003267,104.04489699999999,30.701509
1478003277,104.09192,30.678279999999997
1478003341,104.173305,30.695172999999997
1478003341,104.173305,30.695172999999997
1478003366,104.07432,30.67349
1478003394,104.04313,30.70375
1478003631,104.11148100000001,30.669842
1478003732,104.06047099999999,30.659059999999997
1478003796,104.09175,30.65703
1478003877,104.070309,30.663960999999997
1478003882,104.05436,30.60305
1478003882,104.05436,30.60305
1478003919,104.000061,30.601801000000002
1478003924,104.08704,30.64588
1478003995,104.065617,30.666037
1478004077,104.07589399999999,30.653689
1478004099,104.040091,30.719796999999996
1478004186,104.05465699999999,30.713713000000002
1478004186,104.05465699999999,30.713713000000002
1478004293,104.070941,30.657027000000003
1478004297,104.06889,30.66106
1478004453,104.066833,30.757584
1478004502,104.00444,30.65168
1478004580,104.07128,30.6558
1478004593,104.070015,30.711981
1478004593,104.070015,30.711981
1478004714,104.11105,30.669790000000003
1478004714,104.11105,30.669790000000003
1478004752,104.088774,30.66152
1478004871,104.111815,30.666790999999996
1478004902,104.06152,30.642740000000003
1478004952,104.019699,30.689007
1478004955,104.09133,30.642359999999996
1478004968,104.044659,30.589353000000003
1478005017,104.07661,30.630229999999997
1478005063,104.09579000000001,30.68011
1478005063,104.09579000000001,30.68011
1478005091,104.050063,30.693728000000004
1478005091,104.050063,30.693728000000004
1478005606,104.07043,30.6654
1478005705,104.07757,30.659340000000004
1478005756,104.073204,30.655025
1478005767,104.07382,30.666090000000004
1478005782,104.10958000000001,30.67227
1478005830,104.10611,30.658990000000003
1478006462,104.01843000000001,30.766509999999997
1478006487,104.005661,30.65206
1478006492,104.11617199999999,30.677396999999996
1478006562,104.07403000000001,30.6863
1478006578,104.1123,30.667040000000004
1478006746,104.12128,30.628040000000002
1478006752,104.04239,30.6999
1478006768,104.141076,30.681764
1478006776,104.05054,30.631729999999997
1478006803,104.04545,30.62047
1478006851,104.11698100000001,30.653961
1478006942,104.06004,30.57413
1478006955,104.10614,30.68223
1478007360,104.13780200000001,30.672558000000002
1478007370,104.0331,30.63383
1478007537,104.047737,30.677778000000004
1478007640,104.031898,30.718329999999998
1478007640,104.031898,30.718329999999998
1478007721,104.08213,30.65376
1478007723,104.06985999999999,30.658640000000002
1478007779,103.99528000000001,30.572879999999998
1478007798,104.11213000000001,30.665259999999996
1478007798,104.11213000000001,30.665259999999996
1478007800,104.04205999999999,30.651790000000002
1478007800,104.04205999999999,30.651790000000002
1478007860,104.10289,30.65695
1478007865,104.105783,30.674552000000002
1478007939,104.10956,30.66362
1478007999,104.03828,30.63731
1478008047,104.05615999999999,30.66337
1478008066,104.08238,30.6564
1478008177,104.08051,30.64883
1478008177,104.08051,30.64883
1478008222,104.08686,30.654159999999997
1478008283,104.09510999999999,30.664659999999998
1478008283,104.09510999999999,30.664659999999998
1478008338,104.08014,30.65056
1478008367,104.07285,30.694709999999997
1478008367,104.07285,30.694709999999997
1478008420,104.1672,30.79638
1478008522,104.029663,30.749959999999998
1478008545,104.12583000000001,30.6711
1478008545,104.12583000000001,30.6711
1478008604,104.1042,30.669340000000002
1478008604,104.1042,30.669340000000002
1478008613,104.08272,30.66579
1478008613,104.08272,30.66579
1478009034,104.04983,30.691290000000002
1478009074,104.09151,30.702690000000004
1478009100,103.996651,30.649107
1478009190,104.07363000000001,30.68579
1478009245,103.99315,30.66354
1478009255,104.044861,30.701546
1478009328,104.07855,30.65803
1478009365,104.08551,30.654790000000002
1478009426,104.073909,30.694845
1478009574,104.094749,30.703359999999996
1478009726,104.07316999999999,30.65489
1478009795,104.0849,30.6539
1478009836,104.02971600000001,30.635403000000004
1478009881,104.11225,30.66703
1478009997,104.10985,30.6716
1478010077,104.06835,30.58622
1478010255,104.11209000000001,30.62087
1478010307,104.0491,30.62955
1478010544,104.04156,30.687759999999997
1478010561,104.083694,30.672279
1478010576,104.04652,30.69397
1478010616,104.02553,30.6928
1478010641,104.07854,30.634790000000002
1478010803,104.026855,30.672646000000004
1478010809,104.07724,30.658781
1478010852,104.045807,30.703298999999998
1478010949,104.05761,30.69912
1478011039,104.06166999999999,30.681520000000003
1478011080,103.971599,30.75972
1478011172,104.0581,30.7731
1478011256,104.00929000000001,30.660999999999998
1478011361,104.051208,30.658377
1478011379,104.10233000000001,30.637290000000004
1478011419,104.09333000000001,30.68129
1478011468,104.057188,30.679479999999998
1478011469,104.061829,30.512579
1478011627,104.08384000000001,30.658609999999996
1478011696,104.08726999999999,30.6773
1478011696,104.08726999999999,30.6773
1478011712,104.10888,30.661659999999998
1478011712,104.10888,30.661659999999998
1478011895,104.04178,30.67403
1478011895,104.04178,30.67403
1478012167,104.10726899999999,30.70097
1478012167,104.10726899999999,30.70097
1478012255,104.007995,30.663890000000002
1478012266,104.045502,30.669479
1478012266,104.045502,30.669479
1478012498,104.05644000000001,30.75512
1478012564,104.071381,30.672898999999997
1478012637,104.009407,30.672309999999996
1478012723,104.00681,30.67642
1478012783,104.088562,30.692861999999998
1478012801,104.08256999999999,30.639290000000003
1478013252,104.08674,30.682240000000004
1478013492,104.075005,30.644419
1478013576,104.09929,30.667859999999997
1478013640,104.067143,30.655584
1478013697,104.06241,30.76091
1478013700,104.060929,30.657421000000003
1478013701,104.06564,30.67355
1478013723,104.06578,30.65588
1478013800,104.059135,30.645763
1478013905,104.10469,30.68435
1478013968,104.09983000000001,30.66933
1478014065,104.080101,30.620663
1478014114,104.09605400000001,30.688703000000004
1478014289,104.09640999999999,30.64038
1478014399,104.08440999999999,30.66152
1478014436,104.177391,30.655962
1478014833,104.05041,30.687911
1478014896,104.04462,30.69732
1478015025,104.0734,30.68585
1478015104,104.05375,30.69224
1478015169,104.05646,30.67342
1478015260,104.09200000000001,30.684420000000003
1478015614,104.07124,30.667601
1478015640,104.06819,30.65464
1478015909,104.04921,30.71821
